"Tail","FlightId","Origin","Destination","STD","STA","ETD","ETA","type"
"A0WFW","EK0407","AKL","MEL",,,"12/28/2016 05:50","12/28/2016 09:50","swapped"
"A0WFW","EK0434","BNE","AKL","12/27/2016 22:25","12/28/2016 01:35","12/27/2016 23:15","12/28/2016 02:25","delayed"
"A0WFW","EK0434","DXB","BNE","12/27/2016 06:25","12/27/2016 20:40","12/27/2016 07:15","12/27/2016 21:30","delayed"
"A0WFW","EK0434","DXB","BNE","12/27/2016 06:25","12/27/2016 20:40","12/27/2016 06:25","12/27/2016 20:40","unaffected"
"A0WFW","EK0434","DXB","BNE","12/27/2016 06:25","12/27/2016 20:40","12/27/2016 06:25","12/27/2016 20:40","unaffected"
"A0WFW","EK0434","DXB","BNE","12/27/2016 06:25","12/27/2016 20:40","12/27/2016 06:25","12/27/2016 20:40","unaffected"
"A0WFW","EK0434","DXB","BNE","12/27/2016 06:25","12/27/2016 20:40","12/27/2016 06:25","12/27/2016 20:40","unaffected"
"A0WFW","EK0434","DXB","BNE","12/27/2016 06:25","12/27/2016 20:40","12/27/2016 06:25","12/27/2016 20:40","unaffected"
"A0WFW","EK0434","DXB","BNE","12/27/2016 06:25","12/27/2016 20:40","12/27/2016 06:25","12/27/2016 20:40","unaffected"
"A0WFW","EK0434","DXB","BNE","12/27/2016 06:25","12/27/2016 20:40","12/27/2016 06:25","12/27/2016 20:40","unaffected"
"A0WFW","EK0434","DXB","BNE","12/27/2016 06:25","12/27/2016 20:40","12/27/2016 06:25","12/27/2016 20:40","unaffected"
"A0WFW","EK0434","DXB","BNE","12/27/2016 06:25","12/27/2016 20:40","12/27/2016 06:25","12/27/2016 20:40","unaffected"
"A0WFW","EK0434","DXB","BNE","12/27/2016 06:25","12/27/2016 20:40","12/27/2016 06:25","12/27/2016 20:40","unaffected"
"A0WFW","EK0434","DXB","BNE","12/27/2016 06:25","12/27/2016 20:40","12/27/2016 06:25","12/27/2016 20:40","unaffected"
"A0WFW","EK0434","DXB","BNE","12/27/2016 06:25","12/27/2016 20:40","12/27/2016 06:25","12/27/2016 20:40","unaffected"
"A0WFW","EK0434","DXB","BNE","12/27/2016 06:25","12/27/2016 20:40","12/27/2016 06:25","12/27/2016 20:40","unaffected"
"A0WLA","EK0419","AKL","SYD",,,"12/28/2016 03:30","12/28/2016 06:55","swapped"
"A0WLA","EK0419","SYD","BKK",,,"12/28/2016 08:50","12/28/2016 18:10","swapped"
"A0WLA","EK0406","DXB","MEL","12/27/2016 06:10","12/27/2016 19:30","12/27/2016 07:00","12/27/2016 20:20","delayed"
"A0WLA","EK0406","MEL","AKL","12/27/2016 21:10","12/28/2016 00:45","12/27/2016 22:00","12/28/2016 01:35","delayed"
"A0WDP","EK0229","DXB","SEA","12/27/2016 05:25","12/27/2016 20:05","12/27/2016 07:48","12/27/2016 22:28","delayed"
"A0WDP","EK0230","SEA","DXB","12/28/2016 01:10","12/28/2016 15:45","12/28/2016 01:10","12/28/2016 15:45","unaffected"
"A0WDP","EK0229","DXB","SEA","12/27/2016 05:25","12/27/2016 20:05","12/27/2016 05:25","12/27/2016 20:05","unaffected"
"A0WDP","EK0229","DXB","SEA","12/27/2016 05:25","12/27/2016 20:05","12/27/2016 05:25","12/27/2016 20:05","unaffected"
"A0WDP","EK0229","DXB","SEA","12/27/2016 05:25","12/27/2016 20:05","12/27/2016 05:25","12/27/2016 20:05","unaffected"
"A0WDP","EK0229","DXB","SEA","12/27/2016 05:25","12/27/2016 20:05","12/27/2016 05:25","12/27/2016 20:05","unaffected"
"A0WDP","EK0229","DXB","SEA","12/27/2016 05:25","12/27/2016 20:05","12/27/2016 05:25","12/27/2016 20:05","unaffected"
"A0WDP","EK0229","DXB","SEA","12/27/2016 05:25","12/27/2016 20:05","12/27/2016 05:25","12/27/2016 20:05","unaffected"
"A0WDP","EK0229","DXB","SEA","12/27/2016 05:25","12/27/2016 20:05","12/27/2016 05:25","12/27/2016 20:05","unaffected"
"A0WDP","EK0229","DXB","SEA","12/27/2016 05:25","12/27/2016 20:05","12/27/2016 05:25","12/27/2016 20:05","unaffected"
"A0WDP","EK0229","DXB","SEA","12/27/2016 05:25","12/27/2016 20:05","12/27/2016 05:25","12/27/2016 20:05","unaffected"
"A0WDP","EK0229","DXB","SEA","12/27/2016 05:25","12/27/2016 20:05","12/27/2016 05:25","12/27/2016 20:05","unaffected"
"A0WDP","EK0229","DXB","SEA","12/27/2016 05:25","12/27/2016 20:05","12/27/2016 05:25","12/27/2016 20:05","unaffected"
"A0WDP","EK0229","DXB","SEA","12/27/2016 05:25","12/27/2016 20:05","12/27/2016 05:25","12/27/2016 20:05","unaffected"
"A0WDP","EK0229","DXB","SEA","12/27/2016 05:25","12/27/2016 20:05","12/27/2016 05:25","12/27/2016 20:05","unaffected"
"A0WDH","EK0235","DXB","ORD","12/27/2016 05:45","12/27/2016 20:55","12/27/2016 07:16","12/27/2016 22:26","delayed"
"A0WDH","EK0236","ORD","DXB","12/28/2016 01:40","12/28/2016 15:00","12/28/2016 01:40","12/28/2016 15:00","unaffected"
"A0WDH","EK0955","DXB","BEY","12/28/2016 16:55","12/28/2016 21:20","12/28/2016 16:55","12/28/2016 21:20","unaffected"
"A0WDH","EK0235","DXB","ORD","12/27/2016 05:45","12/27/2016 20:55","12/27/2016 05:45","12/27/2016 20:55","unaffected"
"A0WDH","EK0235","DXB","ORD","12/27/2016 05:45","12/27/2016 20:55","12/27/2016 05:45","12/27/2016 20:55","unaffected"
"A0WDH","EK0235","DXB","ORD","12/27/2016 05:45","12/27/2016 20:55","12/27/2016 05:45","12/27/2016 20:55","unaffected"
"A0WDH","EK0235","DXB","ORD","12/27/2016 05:45","12/27/2016 20:55","12/27/2016 05:45","12/27/2016 20:55","unaffected"
"A0WDH","EK0235","DXB","ORD","12/27/2016 05:45","12/27/2016 20:55","12/27/2016 05:45","12/27/2016 20:55","unaffected"
"A0WDH","EK0235","DXB","ORD","12/27/2016 05:45","12/27/2016 20:55","12/27/2016 05:45","12/27/2016 20:55","unaffected"
"A0WDH","EK0235","DXB","ORD","12/27/2016 05:45","12/27/2016 20:55","12/27/2016 05:45","12/27/2016 20:55","unaffected"
"A0WDH","EK0235","DXB","ORD","12/27/2016 05:45","12/27/2016 20:55","12/27/2016 05:45","12/27/2016 20:55","unaffected"
"A0WDH","EK0235","DXB","ORD","12/27/2016 05:45","12/27/2016 20:55","12/27/2016 05:45","12/27/2016 20:55","unaffected"
"A0WDH","EK0235","DXB","ORD","12/27/2016 05:45","12/27/2016 20:55","12/27/2016 05:45","12/27/2016 20:55","unaffected"
"A0WDH","EK0235","DXB","ORD","12/27/2016 05:45","12/27/2016 20:55","12/27/2016 05:45","12/27/2016 20:55","unaffected"
"A0WDH","EK0235","DXB","ORD","12/27/2016 05:45","12/27/2016 20:55","12/27/2016 05:45","12/27/2016 20:55","unaffected"
"A0WDH","EK0235","DXB","ORD","12/27/2016 05:45","12/27/2016 20:55","12/27/2016 05:45","12/27/2016 20:55","unaffected"
"A0WDV","EK0334","DXB","MNL","12/27/2016 06:20","12/27/2016 14:30","12/27/2016 07:10","12/27/2016 15:20","delayed"
"A0WDV","EK0335","MNL","DXB","12/27/2016 16:20","12/28/2016 01:35","12/27/2016 16:35","12/28/2016 01:50","delayed"
"A0WDV","EK0191","DXB","LIS","12/28/2016 03:25","12/28/2016 12:00","12/28/2016 03:25","12/28/2016 12:00","unaffected"
"A0WVV","EK0342","DXB","KUL","12/27/2016 06:15","12/27/2016 13:25","12/27/2016 07:05","12/27/2016 14:15","delayed"
"A0WVV","EK0019","DXB","MAN","12/28/2016 10:40","12/28/2016 18:40","12/28/2016 10:40","12/28/2016 18:40","unaffected"
"A0WVV","EK0343","KUL","DXB","12/27/2016 17:10","12/28/2016 00:30","12/27/2016 17:10","12/28/2016 00:30","unaffected"
"A0WVV","EK0342","DXB","KUL","12/27/2016 06:15","12/27/2016 13:25","12/27/2016 07:05","12/27/2016 14:15","delayed"
"A0WVV","EK0342","DXB","KUL","12/27/2016 06:15","12/27/2016 13:25","12/27/2016 07:05","12/27/2016 14:15","delayed"
"A0WVV","EK0342","DXB","KUL","12/27/2016 06:15","12/27/2016 13:25","12/27/2016 07:05","12/27/2016 14:15","delayed"
"A0WVV","EK0342","DXB","KUL","12/27/2016 06:15","12/27/2016 13:25","12/27/2016 07:05","12/27/2016 14:15","delayed"
"A0WVV","EK0342","DXB","KUL","12/27/2016 06:15","12/27/2016 13:25","12/27/2016 07:05","12/27/2016 14:15","delayed"
"A0WVV","EK0342","DXB","KUL","12/27/2016 06:15","12/27/2016 13:25","12/27/2016 07:05","12/27/2016 14:15","delayed"
"A0WVV","EK0342","DXB","KUL","12/27/2016 06:15","12/27/2016 13:25","12/27/2016 07:05","12/27/2016 14:15","delayed"
"A0WVV","EK0342","DXB","KUL","12/27/2016 06:15","12/27/2016 13:25","12/27/2016 07:05","12/27/2016 14:15","delayed"
"A0WVV","EK0342","DXB","KUL","12/27/2016 06:15","12/27/2016 13:25","12/27/2016 07:05","12/27/2016 14:15","delayed"
"A0WVV","EK0342","DXB","KUL","12/27/2016 06:15","12/27/2016 13:25","12/27/2016 07:05","12/27/2016 14:15","delayed"
"A0WVV","EK0342","DXB","KUL","12/27/2016 06:15","12/27/2016 13:25","12/27/2016 07:05","12/27/2016 14:15","delayed"
"A0WVV","EK0342","DXB","KUL","12/27/2016 06:15","12/27/2016 13:25","12/27/2016 07:05","12/27/2016 14:15","delayed"
"A0WVV","EK0342","DXB","KUL","12/27/2016 06:15","12/27/2016 13:25","12/27/2016 07:05","12/27/2016 14:15","delayed"
"A0WVO","EK0362","DXB","CAN","12/27/2016 06:50","12/27/2016 13:45","12/27/2016 07:05","12/27/2016 14:00","delayed"
"A0WVO","EK0215","DXB","LAX","12/28/2016 04:30","12/28/2016 20:45","12/28/2016 04:30","12/28/2016 20:45","unaffected"
"A0WVO","EK0363","CAN","DXB","12/27/2016 16:15","12/28/2016 01:15","12/27/2016 16:15","12/28/2016 01:15","unaffected"
"A0WVO","EK0362","DXB","CAN","12/27/2016 06:50","12/27/2016 13:45","12/27/2016 07:05","12/27/2016 14:00","delayed"
"A0WVO","EK0362","DXB","CAN","12/27/2016 06:50","12/27/2016 13:45","12/27/2016 07:05","12/27/2016 14:00","delayed"
"A0WVO","EK0362","DXB","CAN","12/27/2016 06:50","12/27/2016 13:45","12/27/2016 07:05","12/27/2016 14:00","delayed"
"A0WVO","EK0362","DXB","CAN","12/27/2016 06:50","12/27/2016 13:45","12/27/2016 07:05","12/27/2016 14:00","delayed"
"A0WVO","EK0362","DXB","CAN","12/27/2016 06:50","12/27/2016 13:45","12/27/2016 07:05","12/27/2016 14:00","delayed"
"A0WVO","EK0362","DXB","CAN","12/27/2016 06:50","12/27/2016 13:45","12/27/2016 07:05","12/27/2016 14:00","delayed"
"A0WVO","EK0362","DXB","CAN","12/27/2016 06:50","12/27/2016 13:45","12/27/2016 07:05","12/27/2016 14:00","delayed"
"A0WVO","EK0362","DXB","CAN","12/27/2016 06:50","12/27/2016 13:45","12/27/2016 07:05","12/27/2016 14:00","delayed"
"A0WVO","EK0362","DXB","CAN","12/27/2016 06:50","12/27/2016 13:45","12/27/2016 07:05","12/27/2016 14:00","delayed"
"A0WVO","EK0362","DXB","CAN","12/27/2016 06:50","12/27/2016 13:45","12/27/2016 07:05","12/27/2016 14:00","delayed"
"A0WVO","EK0362","DXB","CAN","12/27/2016 06:50","12/27/2016 13:45","12/27/2016 07:05","12/27/2016 14:00","delayed"
"A0WVO","EK0362","DXB","CAN","12/27/2016 06:50","12/27/2016 13:45","12/27/2016 07:05","12/27/2016 14:00","delayed"
"A0WVO","EK0362","DXB","CAN","12/27/2016 06:50","12/27/2016 13:45","12/27/2016 07:05","12/27/2016 14:00","delayed"
"A0WLG","EK0380","DXB","HKG","12/27/2016 06:05","12/27/2016 13:05","12/27/2016 07:36","12/27/2016 14:36","delayed"
"A0WLG","EK0075","DXB","CDG","12/28/2016 10:50","12/28/2016 18:30","12/28/2016 10:50","12/28/2016 18:30","unaffected"
"A0WLG","EK0381","HKG","DXB","12/27/2016 16:35","12/28/2016 01:35","12/27/2016 16:35","12/28/2016 01:35","unaffected"
"A0WLG","EK0380","DXB","HKG","12/27/2016 06:05","12/27/2016 13:05","12/27/2016 07:30","12/27/2016 14:30","delayed"
"A0WLG","EK0380","DXB","HKG","12/27/2016 06:05","12/27/2016 13:05","12/27/2016 07:30","12/27/2016 14:30","delayed"
"A0WLG","EK0380","DXB","HKG","12/27/2016 06:05","12/27/2016 13:05","12/27/2016 07:30","12/27/2016 14:30","delayed"
"A0WLG","EK0380","DXB","HKG","12/27/2016 06:05","12/27/2016 13:05","12/27/2016 07:30","12/27/2016 14:30","delayed"
"A0WLG","EK0380","DXB","HKG","12/27/2016 06:05","12/27/2016 13:05","12/27/2016 07:30","12/27/2016 14:30","delayed"
"A0WLG","EK0380","DXB","HKG","12/27/2016 06:05","12/27/2016 13:05","12/27/2016 07:30","12/27/2016 14:30","delayed"
"A0WLG","EK0380","DXB","HKG","12/27/2016 06:05","12/27/2016 13:05","12/27/2016 07:30","12/27/2016 14:30","delayed"
"A0WLG","EK0380","DXB","HKG","12/27/2016 06:05","12/27/2016 13:05","12/27/2016 07:30","12/27/2016 14:30","delayed"
"A0WLG","EK0380","DXB","HKG","12/27/2016 06:05","12/27/2016 13:05","12/27/2016 07:30","12/27/2016 14:30","delayed"
"A0WLG","EK0380","DXB","HKG","12/27/2016 06:05","12/27/2016 13:05","12/27/2016 07:30","12/27/2016 14:30","delayed"
"A0WLG","EK0380","DXB","HKG","12/27/2016 06:05","12/27/2016 13:05","12/27/2016 07:30","12/27/2016 14:30","delayed"
"A0WLG","EK0380","DXB","HKG","12/27/2016 06:05","12/27/2016 13:05","12/27/2016 07:30","12/27/2016 14:30","delayed"
"A0WLG","EK0380","DXB","HKG","12/27/2016 06:05","12/27/2016 13:05","12/27/2016 07:30","12/27/2016 14:30","delayed"
"A0WCZ","EK0392","DXB","SGN","12/27/2016 05:40","12/27/2016 12:25","12/27/2016 07:11","12/27/2016 13:56","delayed"
"A0WCZ","EK0393","SGN","DXB","12/27/2016 16:55","12/28/2016 00:25","12/27/2016 16:55","12/28/2016 00:25","unaffected"
"A0WCZ","EK0614","DXB","ISB","12/28/2016 15:35","12/28/2016 18:35","12/28/2016 15:35","12/28/2016 18:35","unaffected"
"A0WCZ","EK0620","DXB","SKT","12/28/2016 02:25","12/28/2016 05:25","12/28/2016 02:25","12/28/2016 05:25","unaffected"
"A0WCZ","EK0621","SKT","DXB","12/28/2016 07:10","12/28/2016 10:45","12/28/2016 07:10","12/28/2016 10:45","unaffected"
"A0WCZ","EK0392","DXB","SGN","12/27/2016 05:40","12/27/2016 12:25","12/27/2016 07:05","12/27/2016 13:50","delayed"
"A0WCZ","EK0392","DXB","SGN","12/27/2016 05:40","12/27/2016 12:25","12/27/2016 07:05","12/27/2016 13:50","delayed"
"A0WCZ","EK0392","DXB","SGN","12/27/2016 05:40","12/27/2016 12:25","12/27/2016 07:05","12/27/2016 13:50","delayed"
"A0WCZ","EK0392","DXB","SGN","12/27/2016 05:40","12/27/2016 12:25","12/27/2016 07:05","12/27/2016 13:50","delayed"
"A0WCZ","EK0392","DXB","SGN","12/27/2016 05:40","12/27/2016 12:25","12/27/2016 07:05","12/27/2016 13:50","delayed"
"A0WCZ","EK0392","DXB","SGN","12/27/2016 05:40","12/27/2016 12:25","12/27/2016 07:05","12/27/2016 13:50","delayed"
"A0WCZ","EK0392","DXB","SGN","12/27/2016 05:40","12/27/2016 12:25","12/27/2016 07:05","12/27/2016 13:50","delayed"
"A0WCZ","EK0392","DXB","SGN","12/27/2016 05:40","12/27/2016 12:25","12/27/2016 07:05","12/27/2016 13:50","delayed"
"A0WCZ","EK0392","DXB","SGN","12/27/2016 05:40","12/27/2016 12:25","12/27/2016 07:05","12/27/2016 13:50","delayed"
"A0WCZ","EK0392","DXB","SGN","12/27/2016 05:40","12/27/2016 12:25","12/27/2016 07:05","12/27/2016 13:50","delayed"
"A0WCZ","EK0392","DXB","SGN","12/27/2016 05:40","12/27/2016 12:25","12/27/2016 07:05","12/27/2016 13:50","delayed"
"A0WCZ","EK0392","DXB","SGN","12/27/2016 05:40","12/27/2016 12:25","12/27/2016 07:05","12/27/2016 13:50","delayed"
"A0WCZ","EK0392","DXB","SGN","12/27/2016 05:40","12/27/2016 12:25","12/27/2016 07:05","12/27/2016 13:50","delayed"
"A0WNA","EK0412","DXB","SYD","12/27/2016 06:15","12/27/2016 20:00","12/27/2016 07:05","12/27/2016 20:50","delayed"
"A0WNA","EK0412","SYD","CHC","12/27/2016 21:45","12/28/2016 00:50","12/27/2016 22:35","12/28/2016 01:40","delayed"
"A0WNA","EK0413","CHC","SYD","12/28/2016 05:45","12/28/2016 09:05","12/28/2016 05:45","12/28/2016 09:05","unaffected"
"A0WNA","EK0412","DXB","SYD","12/27/2016 06:15","12/27/2016 20:00","12/27/2016 06:15","12/27/2016 20:00","unaffected"
"A0WNA","EK0412","DXB","SYD","12/27/2016 06:15","12/27/2016 20:00","12/27/2016 06:15","12/27/2016 20:00","unaffected"
"A0WNA","EK0412","DXB","SYD","12/27/2016 06:15","12/27/2016 20:00","12/27/2016 06:15","12/27/2016 20:00","unaffected"
"A0WNA","EK0412","DXB","SYD","12/27/2016 06:15","12/27/2016 20:00","12/27/2016 06:15","12/27/2016 20:00","unaffected"
"A0WNA","EK0412","DXB","SYD","12/27/2016 06:15","12/27/2016 20:00","12/27/2016 06:15","12/27/2016 20:00","unaffected"
"A0WNA","EK0412","DXB","SYD","12/27/2016 06:15","12/27/2016 20:00","12/27/2016 06:15","12/27/2016 20:00","unaffected"
"A0WNA","EK0412","DXB","SYD","12/27/2016 06:15","12/27/2016 20:00","12/27/2016 06:15","12/27/2016 20:00","unaffected"
"A0WNA","EK0412","DXB","SYD","12/27/2016 06:15","12/27/2016 20:00","12/27/2016 06:15","12/27/2016 20:00","unaffected"
"A0WNA","EK0412","DXB","SYD","12/27/2016 06:15","12/27/2016 20:00","12/27/2016 06:15","12/27/2016 20:00","unaffected"
"A0WNA","EK0412","DXB","SYD","12/27/2016 06:15","12/27/2016 20:00","12/27/2016 06:15","12/27/2016 20:00","unaffected"
"A0WNA","EK0412","DXB","SYD","12/27/2016 06:15","12/27/2016 20:00","12/27/2016 06:15","12/27/2016 20:00","unaffected"
"A0WNA","EK0412","DXB","SYD","12/27/2016 06:15","12/27/2016 20:00","12/27/2016 06:15","12/27/2016 20:00","unaffected"
"A0WNA","EK0412","DXB","SYD","12/27/2016 06:15","12/27/2016 20:00","12/27/2016 06:15","12/27/2016 20:00","unaffected"
"A0WVL","EK0424","DXB","PER","12/27/2016 06:45","12/27/2016 17:35","12/27/2016 07:00","12/27/2016 17:50","delayed"
"A0WVL","EK0217","DXB","LAX","12/28/2016 11:00","12/29/2016 03:15","12/28/2016 11:00","12/29/2016 03:15","unaffected"
"A0WVL","EK0425","PER","DXB","12/27/2016 21:40","12/28/2016 08:40","12/27/2016 21:40","12/28/2016 08:40","unaffected"
"A0WVL","EK0424","DXB","PER","12/27/2016 06:45","12/27/2016 17:35","12/27/2016 07:00","12/27/2016 17:50","delayed"
"A0WVL","EK0424","DXB","PER","12/27/2016 06:45","12/27/2016 17:35","12/27/2016 07:00","12/27/2016 17:50","delayed"
"A0WVL","EK0424","DXB","PER","12/27/2016 06:45","12/27/2016 17:35","12/27/2016 07:00","12/27/2016 17:50","delayed"
"A0WVL","EK0424","DXB","PER","12/27/2016 06:45","12/27/2016 17:35","12/27/2016 07:00","12/27/2016 17:50","delayed"
"A0WVL","EK0424","DXB","PER","12/27/2016 06:45","12/27/2016 17:35","12/27/2016 07:00","12/27/2016 17:50","delayed"
"A0WVL","EK0424","DXB","PER","12/27/2016 06:45","12/27/2016 17:35","12/27/2016 07:00","12/27/2016 17:50","delayed"
"A0WVL","EK0424","DXB","PER","12/27/2016 06:45","12/27/2016 17:35","12/27/2016 07:00","12/27/2016 17:50","delayed"
"A0WVL","EK0424","DXB","PER","12/27/2016 06:45","12/27/2016 17:35","12/27/2016 07:00","12/27/2016 17:50","delayed"
"A0WVL","EK0424","DXB","PER","12/27/2016 06:45","12/27/2016 17:35","12/27/2016 07:00","12/27/2016 17:50","delayed"
"A0WVL","EK0424","DXB","PER","12/27/2016 06:45","12/27/2016 17:35","12/27/2016 07:00","12/27/2016 17:50","delayed"
"A0WVL","EK0424","DXB","PER","12/27/2016 06:45","12/27/2016 17:35","12/27/2016 07:00","12/27/2016 17:50","delayed"
"A0WVL","EK0424","DXB","PER","12/27/2016 06:45","12/27/2016 17:35","12/27/2016 07:00","12/27/2016 17:50","delayed"
"A0WVL","EK0424","DXB","PER","12/27/2016 06:45","12/27/2016 17:35","12/27/2016 07:00","12/27/2016 17:50","delayed"
"A0WVJ","EK0448","DXB","AKL","12/27/2016 06:05","12/27/2016 22:10","12/27/2016 07:36","12/27/2016 23:41","delayed"
"A0WVJ","EK0448","DXB","AKL","12/27/2016 06:05","12/27/2016 22:10","12/27/2016 06:05","12/27/2016 22:10","unaffected"
"A0WVJ","EK0448","DXB","AKL","12/27/2016 06:05","12/27/2016 22:10","12/27/2016 06:05","12/27/2016 22:10","unaffected"
"A0WVJ","EK0448","DXB","AKL","12/27/2016 06:05","12/27/2016 22:10","12/27/2016 06:05","12/27/2016 22:10","unaffected"
"A0WVJ","EK0448","DXB","AKL","12/27/2016 06:05","12/27/2016 22:10","12/27/2016 06:05","12/27/2016 22:10","unaffected"
"A0WVJ","EK0448","DXB","AKL","12/27/2016 06:05","12/27/2016 22:10","12/27/2016 06:05","12/27/2016 22:10","unaffected"
"A0WVJ","EK0448","DXB","AKL","12/27/2016 06:05","12/27/2016 22:10","12/27/2016 06:05","12/27/2016 22:10","unaffected"
"A0WVJ","EK0448","DXB","AKL","12/27/2016 06:05","12/27/2016 22:10","12/27/2016 06:05","12/27/2016 22:10","unaffected"
"A0WVJ","EK0448","DXB","AKL","12/27/2016 06:05","12/27/2016 22:10","12/27/2016 06:05","12/27/2016 22:10","unaffected"
"A0WVJ","EK0448","DXB","AKL","12/27/2016 06:05","12/27/2016 22:10","12/27/2016 06:05","12/27/2016 22:10","unaffected"
"A0WVJ","EK0448","DXB","AKL","12/27/2016 06:05","12/27/2016 22:10","12/27/2016 06:05","12/27/2016 22:10","unaffected"
"A0WVJ","EK0448","DXB","AKL","12/27/2016 06:05","12/27/2016 22:10","12/27/2016 06:05","12/27/2016 22:10","unaffected"
"A0WVJ","EK0448","DXB","AKL","12/27/2016 06:05","12/27/2016 22:10","12/27/2016 06:05","12/27/2016 22:10","unaffected"
"A0WVJ","EK0448","DXB","AKL","12/27/2016 06:05","12/27/2016 22:10","12/27/2016 06:05","12/27/2016 22:10","unaffected"
"A0WCA","EK0637","PEW","DXB","12/27/2016 03:00","12/27/2016 06:30","12/27/2016 03:50","12/27/2016 07:20","delayed"
"A0WCA","EK0775","DXB","DUR","12/28/2016 06:40","12/28/2016 15:05","12/28/2016 06:40","12/28/2016 15:05","unaffected"
"A0WCA","EK0637","PEW","DXB","12/27/2016 03:00","12/27/2016 06:30","12/27/2016 03:50","12/27/2016 07:20","delayed"
"A0WCA","EK0637","PEW","DXB","12/27/2016 03:00","12/27/2016 06:30","12/27/2016 03:50","12/27/2016 07:20","delayed"
"A0WCA","EK0637","PEW","DXB","12/27/2016 03:00","12/27/2016 06:30","12/27/2016 03:50","12/27/2016 07:20","delayed"
"A0WCA","EK0637","PEW","DXB","12/27/2016 03:00","12/27/2016 06:30","12/27/2016 03:50","12/27/2016 07:20","delayed"
"A0WCA","EK0637","PEW","DXB","12/27/2016 03:00","12/27/2016 06:30","12/27/2016 03:50","12/27/2016 07:20","delayed"
"A0WCA","EK0637","PEW","DXB","12/27/2016 03:00","12/27/2016 06:30","12/27/2016 03:50","12/27/2016 07:20","delayed"
"A0WCA","EK0637","PEW","DXB","12/27/2016 03:00","12/27/2016 06:30","12/27/2016 03:50","12/27/2016 07:20","delayed"
"A0WCA","EK0637","PEW","DXB","12/27/2016 03:00","12/27/2016 06:30","12/27/2016 03:50","12/27/2016 07:20","delayed"
"A0WCA","EK0637","PEW","DXB","12/27/2016 03:00","12/27/2016 06:30","12/27/2016 03:50","12/27/2016 07:20","delayed"
"A0WCA","EK0637","PEW","DXB","12/27/2016 03:00","12/27/2016 06:30","12/27/2016 03:50","12/27/2016 07:20","delayed"
"A0WCA","EK0637","PEW","DXB","12/27/2016 03:00","12/27/2016 06:30","12/27/2016 03:50","12/27/2016 07:20","delayed"
"A0WCA","EK0637","PEW","DXB","12/27/2016 03:00","12/27/2016 06:30","12/27/2016 03:50","12/27/2016 07:20","delayed"
"A0WCA","EK0637","PEW","DXB","12/27/2016 03:00","12/27/2016 06:30","12/27/2016 03:50","12/27/2016 07:20","delayed"
"A0WLV","EK0703","DXB","MRU","12/27/2016 06:15","12/27/2016 12:55","12/27/2016 07:05","12/27/2016 13:45","delayed"
"A0WLV","EK0031","DXB","LHR","12/28/2016 08:10","12/28/2016 16:10","12/28/2016 08:10","12/28/2016 16:10","unaffected"
"A0WLV","EK0704","MRU","DXB","12/27/2016 19:00","12/28/2016 01:40","12/27/2016 19:00","12/28/2016 01:40","unaffected"
"A0WLV","EK0703","DXB","MRU","12/27/2016 06:15","12/27/2016 12:55","12/27/2016 07:05","12/27/2016 13:45","delayed"
"A0WLV","EK0703","DXB","MRU","12/27/2016 06:15","12/27/2016 12:55","12/27/2016 07:05","12/27/2016 13:45","delayed"
"A0WLV","EK0703","DXB","MRU","12/27/2016 06:15","12/27/2016 12:55","12/27/2016 07:05","12/27/2016 13:45","delayed"
"A0WLV","EK0703","DXB","MRU","12/27/2016 06:15","12/27/2016 12:55","12/27/2016 07:05","12/27/2016 13:45","delayed"
"A0WLV","EK0703","DXB","MRU","12/27/2016 06:15","12/27/2016 12:55","12/27/2016 07:05","12/27/2016 13:45","delayed"
"A0WLV","EK0703","DXB","MRU","12/27/2016 06:15","12/27/2016 12:55","12/27/2016 07:05","12/27/2016 13:45","delayed"
"A0WLV","EK0703","DXB","MRU","12/27/2016 06:15","12/27/2016 12:55","12/27/2016 07:05","12/27/2016 13:45","delayed"
"A0WLV","EK0703","DXB","MRU","12/27/2016 06:15","12/27/2016 12:55","12/27/2016 07:05","12/27/2016 13:45","delayed"
"A0WLV","EK0703","DXB","MRU","12/27/2016 06:15","12/27/2016 12:55","12/27/2016 07:05","12/27/2016 13:45","delayed"
"A0WLV","EK0703","DXB","MRU","12/27/2016 06:15","12/27/2016 12:55","12/27/2016 07:05","12/27/2016 13:45","delayed"
"A0WLV","EK0703","DXB","MRU","12/27/2016 06:15","12/27/2016 12:55","12/27/2016 07:05","12/27/2016 13:45","delayed"
"A0WLV","EK0703","DXB","MRU","12/27/2016 06:15","12/27/2016 12:55","12/27/2016 07:05","12/27/2016 13:45","delayed"
"A0WLV","EK0703","DXB","MRU","12/27/2016 06:15","12/27/2016 12:55","12/27/2016 07:05","12/27/2016 13:45","delayed"
"A0WDA","EK0707","DXB","SEZ","12/27/2016 05:55","12/27/2016 10:30","12/27/2016 07:26","12/27/2016 12:01","delayed"
"A0WDA","EK0237","DXB","BOS","12/28/2016 04:40","12/28/2016 19:00","12/28/2016 04:40","12/28/2016 19:00","unaffected"
"A0WDA","EK0708","SEZ","DXB","12/27/2016 19:50","12/28/2016 00:20","12/27/2016 19:50","12/28/2016 00:20","unaffected"
"A0WDA","EK0707","DXB","SEZ","12/27/2016 05:55","12/27/2016 10:30","12/27/2016 07:20","12/27/2016 11:55","delayed"
"A0WDA","EK0707","DXB","SEZ","12/27/2016 05:55","12/27/2016 10:30","12/27/2016 07:20","12/27/2016 11:55","delayed"
"A0WDA","EK0707","DXB","SEZ","12/27/2016 05:55","12/27/2016 10:30","12/27/2016 07:20","12/27/2016 11:55","delayed"
"A0WDA","EK0707","DXB","SEZ","12/27/2016 05:55","12/27/2016 10:30","12/27/2016 07:20","12/27/2016 11:55","delayed"
"A0WDA","EK0707","DXB","SEZ","12/27/2016 05:55","12/27/2016 10:30","12/27/2016 07:20","12/27/2016 11:55","delayed"
"A0WDA","EK0707","DXB","SEZ","12/27/2016 05:55","12/27/2016 10:30","12/27/2016 07:20","12/27/2016 11:55","delayed"
"A0WDA","EK0707","DXB","SEZ","12/27/2016 05:55","12/27/2016 10:30","12/27/2016 07:20","12/27/2016 11:55","delayed"
"A0WDA","EK0707","DXB","SEZ","12/27/2016 05:55","12/27/2016 10:30","12/27/2016 07:20","12/27/2016 11:55","delayed"
"A0WDA","EK0707","DXB","SEZ","12/27/2016 05:55","12/27/2016 10:30","12/27/2016 07:20","12/27/2016 11:55","delayed"
"A0WDA","EK0707","DXB","SEZ","12/27/2016 05:55","12/27/2016 10:30","12/27/2016 07:20","12/27/2016 11:55","delayed"
"A0WDA","EK0707","DXB","SEZ","12/27/2016 05:55","12/27/2016 10:30","12/27/2016 07:20","12/27/2016 11:55","delayed"
"A0WDA","EK0707","DXB","SEZ","12/27/2016 05:55","12/27/2016 10:30","12/27/2016 07:20","12/27/2016 11:55","delayed"
"A0WDA","EK0707","DXB","SEZ","12/27/2016 05:55","12/27/2016 10:30","12/27/2016 07:20","12/27/2016 11:55","delayed"
"A0WGW","EK0723","DXB","ADD","12/27/2016 06:30","12/27/2016 10:45","12/27/2016 07:20","12/27/2016 11:35","delayed"
"A0WGW","EK0724","ADD","DXB","12/27/2016 12:40","12/27/2016 16:50","12/27/2016 12:50","12/27/2016 17:00","delayed"
"A0WGW","EK0101","DXB","MXP","12/27/2016 23:45","12/28/2016 06:45","12/27/2016 23:45","12/28/2016 06:45","unaffected"
"A0WGW","EK0102","MXP","DXB","12/28/2016 09:10","12/28/2016 15:20","12/28/2016 09:10","12/28/2016 15:20","unaffected"
"A0WGW","EK0723","DXB","ADD","12/27/2016 06:30","12/27/2016 10:45","12/27/2016 07:20","12/27/2016 11:35","delayed"
"A0WGW","EK0724","ADD","DXB","12/27/2016 12:40","12/27/2016 16:50","12/27/2016 12:50","12/27/2016 17:00","delayed"
"A0WGW","EK0723","DXB","ADD","12/27/2016 06:30","12/27/2016 10:45","12/27/2016 07:20","12/27/2016 11:35","delayed"
"A0WGW","EK0724","ADD","DXB","12/27/2016 12:40","12/27/2016 16:50","12/27/2016 12:50","12/27/2016 17:00","delayed"
"A0WGW","EK0723","DXB","ADD","12/27/2016 06:30","12/27/2016 10:45","12/27/2016 07:20","12/27/2016 11:35","delayed"
"A0WGW","EK0724","ADD","DXB","12/27/2016 12:40","12/27/2016 16:50","12/27/2016 12:50","12/27/2016 17:00","delayed"
"A0WGW","EK0723","DXB","ADD","12/27/2016 06:30","12/27/2016 10:45","12/27/2016 07:20","12/27/2016 11:35","delayed"
"A0WGW","EK0724","ADD","DXB","12/27/2016 12:40","12/27/2016 16:50","12/27/2016 12:50","12/27/2016 17:00","delayed"
"A0WGW","EK0723","DXB","ADD","12/27/2016 06:30","12/27/2016 10:45","12/27/2016 07:20","12/27/2016 11:35","delayed"
"A0WGW","EK0724","ADD","DXB","12/27/2016 12:40","12/27/2016 16:50","12/27/2016 12:50","12/27/2016 17:00","delayed"
"A0WGW","EK0723","DXB","ADD","12/27/2016 06:30","12/27/2016 10:45","12/27/2016 07:20","12/27/2016 11:35","delayed"
"A0WGW","EK0724","ADD","DXB","12/27/2016 12:40","12/27/2016 16:50","12/27/2016 12:50","12/27/2016 17:00","delayed"
"A0WGW","EK0723","DXB","ADD","12/27/2016 06:30","12/27/2016 10:45","12/27/2016 07:20","12/27/2016 11:35","delayed"
"A0WGW","EK0724","ADD","DXB","12/27/2016 12:40","12/27/2016 16:50","12/27/2016 12:50","12/27/2016 17:00","delayed"
"A0WGW","EK0723","DXB","ADD","12/27/2016 06:30","12/27/2016 10:45","12/27/2016 07:20","12/27/2016 11:35","delayed"
"A0WGW","EK0724","ADD","DXB","12/27/2016 12:40","12/27/2016 16:50","12/27/2016 12:50","12/27/2016 17:00","delayed"
"A0WGW","EK0723","DXB","ADD","12/27/2016 06:30","12/27/2016 10:45","12/27/2016 07:20","12/27/2016 11:35","delayed"
"A0WGW","EK0724","ADD","DXB","12/27/2016 12:40","12/27/2016 16:50","12/27/2016 12:50","12/27/2016 17:00","delayed"
"A0WGW","EK0723","DXB","ADD","12/27/2016 06:30","12/27/2016 10:45","12/27/2016 07:20","12/27/2016 11:35","delayed"
"A0WGW","EK0724","ADD","DXB","12/27/2016 12:40","12/27/2016 16:50","12/27/2016 12:50","12/27/2016 17:00","delayed"
"A0WGW","EK0723","DXB","ADD","12/27/2016 06:30","12/27/2016 10:45","12/27/2016 07:20","12/27/2016 11:35","delayed"
"A0WGW","EK0724","ADD","DXB","12/27/2016 12:40","12/27/2016 16:50","12/27/2016 12:50","12/27/2016 17:00","delayed"
"A0WGW","EK0723","DXB","ADD","12/27/2016 06:30","12/27/2016 10:45","12/27/2016 07:20","12/27/2016 11:35","delayed"
"A0WGW","EK0724","ADD","DXB","12/27/2016 12:40","12/27/2016 16:50","12/27/2016 12:50","12/27/2016 17:00","delayed"
"A0WGW","EK0723","DXB","ADD","12/27/2016 06:30","12/27/2016 10:45","12/27/2016 07:20","12/27/2016 11:35","delayed"
"A0WGW","EK0724","ADD","DXB","12/27/2016 12:40","12/27/2016 16:50","12/27/2016 12:50","12/27/2016 17:00","delayed"
"A0WMF","EK0763","DXB","JNB","12/27/2016 06:05","12/27/2016 14:20","12/27/2016 07:36","12/27/2016 15:51","delayed"
"A0WMF","EK0764","JNB","DXB","12/27/2016 17:05","12/28/2016 01:05","12/27/2016 17:06","12/28/2016 01:06","delayed"
"A0WMF","EK0795","CKY","DKR","12/28/2016 15:10","12/28/2016 16:35","12/28/2016 15:10","12/28/2016 16:35","unaffected"
"A0WMF","EK0795","DXB","CKY","12/28/2016 03:15","12/28/2016 13:30","12/28/2016 03:15","12/28/2016 13:30","unaffected"
"A0WMF","EK0763","DXB","JNB","12/27/2016 06:05","12/27/2016 14:20","12/27/2016 07:30","12/27/2016 15:45","delayed"
"A0WMF","EK0763","DXB","JNB","12/27/2016 06:05","12/27/2016 14:20","12/27/2016 07:30","12/27/2016 15:45","delayed"
"A0WMF","EK0763","DXB","JNB","12/27/2016 06:05","12/27/2016 14:20","12/27/2016 07:30","12/27/2016 15:45","delayed"
"A0WMF","EK0763","DXB","JNB","12/27/2016 06:05","12/27/2016 14:20","12/27/2016 07:30","12/27/2016 15:45","delayed"
"A0WMF","EK0763","DXB","JNB","12/27/2016 06:05","12/27/2016 14:20","12/27/2016 07:30","12/27/2016 15:45","delayed"
"A0WMF","EK0763","DXB","JNB","12/27/2016 06:05","12/27/2016 14:20","12/27/2016 07:30","12/27/2016 15:45","delayed"
"A0WMF","EK0763","DXB","JNB","12/27/2016 06:05","12/27/2016 14:20","12/27/2016 07:30","12/27/2016 15:45","delayed"
"A0WMF","EK0763","DXB","JNB","12/27/2016 06:05","12/27/2016 14:20","12/27/2016 07:30","12/27/2016 15:45","delayed"
"A0WMF","EK0763","DXB","JNB","12/27/2016 06:05","12/27/2016 14:20","12/27/2016 07:30","12/27/2016 15:45","delayed"
"A0WMF","EK0763","DXB","JNB","12/27/2016 06:05","12/27/2016 14:20","12/27/2016 07:30","12/27/2016 15:45","delayed"
"A0WMF","EK0763","DXB","JNB","12/27/2016 06:05","12/27/2016 14:20","12/27/2016 07:30","12/27/2016 15:45","delayed"
"A0WMF","EK0763","DXB","JNB","12/27/2016 06:05","12/27/2016 14:20","12/27/2016 07:30","12/27/2016 15:45","delayed"
"A0WMF","EK0763","DXB","JNB","12/27/2016 06:05","12/27/2016 14:20","12/27/2016 07:30","12/27/2016 15:45","delayed"
"A0WCM","EK0775","DXB","DUR","12/27/2016 06:40","12/27/2016 15:05","12/27/2016 07:30","12/27/2016 15:55","delayed"
"A0WCM","EK0035","DXB","NCL","12/28/2016 03:25","12/28/2016 11:20","12/28/2016 03:25","12/28/2016 11:20","unaffected"
"A0WCM","EK0776","DUR","DXB","12/27/2016 17:10","12/28/2016 01:25","12/27/2016 17:10","12/28/2016 01:25","unaffected"
"A0WCM","EK0775","DXB","DUR","12/27/2016 06:40","12/27/2016 15:05","12/27/2016 07:30","12/27/2016 15:55","delayed"
"A0WCM","EK0775","DXB","DUR","12/27/2016 06:40","12/27/2016 15:05","12/27/2016 07:30","12/27/2016 15:55","delayed"
"A0WCM","EK0775","DXB","DUR","12/27/2016 06:40","12/27/2016 15:05","12/27/2016 07:30","12/27/2016 15:55","delayed"
"A0WCM","EK0775","DXB","DUR","12/27/2016 06:40","12/27/2016 15:05","12/27/2016 07:30","12/27/2016 15:55","delayed"
"A0WCM","EK0775","DXB","DUR","12/27/2016 06:40","12/27/2016 15:05","12/27/2016 07:30","12/27/2016 15:55","delayed"
"A0WCM","EK0775","DXB","DUR","12/27/2016 06:40","12/27/2016 15:05","12/27/2016 07:30","12/27/2016 15:55","delayed"
"A0WCM","EK0775","DXB","DUR","12/27/2016 06:40","12/27/2016 15:05","12/27/2016 07:30","12/27/2016 15:55","delayed"
"A0WCM","EK0775","DXB","DUR","12/27/2016 06:40","12/27/2016 15:05","12/27/2016 07:30","12/27/2016 15:55","delayed"
"A0WCM","EK0775","DXB","DUR","12/27/2016 06:40","12/27/2016 15:05","12/27/2016 07:30","12/27/2016 15:55","delayed"
"A0WCM","EK0775","DXB","DUR","12/27/2016 06:40","12/27/2016 15:05","12/27/2016 07:30","12/27/2016 15:55","delayed"
"A0WCM","EK0775","DXB","DUR","12/27/2016 06:40","12/27/2016 15:05","12/27/2016 07:30","12/27/2016 15:55","delayed"
"A0WCM","EK0775","DXB","DUR","12/27/2016 06:40","12/27/2016 15:05","12/27/2016 07:30","12/27/2016 15:55","delayed"
"A0WCM","EK0775","DXB","DUR","12/27/2016 06:40","12/27/2016 15:05","12/27/2016 07:30","12/27/2016 15:55","delayed"
"A0WGM","EK0778","DXB","CPT","12/27/2016 06:50","12/27/2016 16:25","12/27/2016 07:05","12/27/2016 16:40","delayed"
"A0WGM","EK0779","CPT","DXB","12/27/2016 18:00","12/28/2016 03:35","12/27/2016 18:00","12/28/2016 03:35","unaffected"
"A0WGM","EK2809","DXB","MED","12/28/2016 10:15","12/28/2016 13:10","12/28/2016 10:15","12/28/2016 13:10","unaffected"
"A0WGM","EK2810","MED","DXB","12/28/2016 14:55","12/28/2016 17:20","12/28/2016 14:55","12/28/2016 17:20","unaffected"
"A0WGM","EK0778","DXB","CPT","12/27/2016 06:50","12/27/2016 16:25","12/27/2016 07:05","12/27/2016 16:40","delayed"
"A0WGM","EK0778","DXB","CPT","12/27/2016 06:50","12/27/2016 16:25","12/27/2016 07:05","12/27/2016 16:40","delayed"
"A0WGM","EK0778","DXB","CPT","12/27/2016 06:50","12/27/2016 16:25","12/27/2016 07:05","12/27/2016 16:40","delayed"
"A0WGM","EK0778","DXB","CPT","12/27/2016 06:50","12/27/2016 16:25","12/27/2016 07:05","12/27/2016 16:40","delayed"
"A0WGM","EK0778","DXB","CPT","12/27/2016 06:50","12/27/2016 16:25","12/27/2016 07:05","12/27/2016 16:40","delayed"
"A0WGM","EK0778","DXB","CPT","12/27/2016 06:50","12/27/2016 16:25","12/27/2016 07:05","12/27/2016 16:40","delayed"
"A0WGM","EK0778","DXB","CPT","12/27/2016 06:50","12/27/2016 16:25","12/27/2016 07:05","12/27/2016 16:40","delayed"
"A0WGM","EK0778","DXB","CPT","12/27/2016 06:50","12/27/2016 16:25","12/27/2016 07:05","12/27/2016 16:40","delayed"
"A0WGM","EK0778","DXB","CPT","12/27/2016 06:50","12/27/2016 16:25","12/27/2016 07:05","12/27/2016 16:40","delayed"
"A0WGM","EK0778","DXB","CPT","12/27/2016 06:50","12/27/2016 16:25","12/27/2016 07:05","12/27/2016 16:40","delayed"
"A0WGM","EK0778","DXB","CPT","12/27/2016 06:50","12/27/2016 16:25","12/27/2016 07:05","12/27/2016 16:40","delayed"
"A0WGM","EK0778","DXB","CPT","12/27/2016 06:50","12/27/2016 16:25","12/27/2016 07:05","12/27/2016 16:40","delayed"
"A0WGM","EK0778","DXB","CPT","12/27/2016 06:50","12/27/2016 16:25","12/27/2016 07:05","12/27/2016 16:40","delayed"
"A0WGY","EK0783","DXB","LOS","12/27/2016 06:30","12/27/2016 14:40","12/27/2016 07:20","12/27/2016 15:30","delayed"
"A0WGY","EK0125","DXB","VIE","12/28/2016 12:50","12/28/2016 19:00","12/28/2016 12:50","12/28/2016 19:00","unaffected"
"A0WGY","EK0784","LOS","DXB","12/27/2016 17:35","12/28/2016 01:05","12/27/2016 17:35","12/28/2016 01:05","unaffected"
"A0WGY","EK0967","DXB","MHD","12/28/2016 03:20","12/28/2016 05:40","12/28/2016 03:20","12/28/2016 05:40","unaffected"
"A0WGY","EK0968","MHD","DXB","12/28/2016 07:05","12/28/2016 09:35","12/28/2016 07:05","12/28/2016 09:35","unaffected"
"A0WGY","EK0783","DXB","LOS","12/27/2016 06:30","12/27/2016 14:40","12/27/2016 07:20","12/27/2016 15:30","delayed"
"A0WGY","EK0783","DXB","LOS","12/27/2016 06:30","12/27/2016 14:40","12/27/2016 07:20","12/27/2016 15:30","delayed"
"A0WGY","EK0783","DXB","LOS","12/27/2016 06:30","12/27/2016 14:40","12/27/2016 07:20","12/27/2016 15:30","delayed"
"A0WGY","EK0783","DXB","LOS","12/27/2016 06:30","12/27/2016 14:40","12/27/2016 07:20","12/27/2016 15:30","delayed"
"A0WGY","EK0783","DXB","LOS","12/27/2016 06:30","12/27/2016 14:40","12/27/2016 07:20","12/27/2016 15:30","delayed"
"A0WGY","EK0783","DXB","LOS","12/27/2016 06:30","12/27/2016 14:40","12/27/2016 07:20","12/27/2016 15:30","delayed"
"A0WGY","EK0783","DXB","LOS","12/27/2016 06:30","12/27/2016 14:40","12/27/2016 07:20","12/27/2016 15:30","delayed"
"A0WGY","EK0783","DXB","LOS","12/27/2016 06:30","12/27/2016 14:40","12/27/2016 07:20","12/27/2016 15:30","delayed"
"A0WGY","EK0783","DXB","LOS","12/27/2016 06:30","12/27/2016 14:40","12/27/2016 07:20","12/27/2016 15:30","delayed"
"A0WGY","EK0783","DXB","LOS","12/27/2016 06:30","12/27/2016 14:40","12/27/2016 07:20","12/27/2016 15:30","delayed"
"A0WGY","EK0783","DXB","LOS","12/27/2016 06:30","12/27/2016 14:40","12/27/2016 07:20","12/27/2016 15:30","delayed"
"A0WGY","EK0783","DXB","LOS","12/27/2016 06:30","12/27/2016 14:40","12/27/2016 07:20","12/27/2016 15:30","delayed"
"A0WGY","EK0783","DXB","LOS","12/27/2016 06:30","12/27/2016 14:40","12/27/2016 07:20","12/27/2016 15:30","delayed"
"A0WMM","EK0653","CMB","MLE",,,"12/27/2016 14:45","12/27/2016 16:25","swapped"
"A0WMM","EK0654","DXB","CMB","12/27/2016 05:05","12/27/2016 09:20","12/27/2016 07:05","12/27/2016 11:20","delayed"
"A0WMM","EK0653","CMB","MLE",,,"12/27/2016 14:45","12/27/2016 16:25","swapped"
"A0WMM","EK0654","DXB","CMB","12/27/2016 05:05","12/27/2016 09:20","12/27/2016 07:05","12/27/2016 11:20","delayed"
"A0WMM","EK0653","CMB","MLE",,,"12/27/2016 14:45","12/27/2016 16:25","swapped"
"A0WMM","EK0654","DXB","CMB","12/27/2016 05:05","12/27/2016 09:20","12/27/2016 07:05","12/27/2016 11:20","delayed"
"A0WMM","EK0653","CMB","MLE",,,"12/27/2016 14:45","12/27/2016 16:25","swapped"
"A0WMM","EK0654","DXB","CMB","12/27/2016 05:05","12/27/2016 09:20","12/27/2016 07:05","12/27/2016 11:20","delayed"
"A0WMM","EK0653","CMB","MLE",,,"12/27/2016 14:45","12/27/2016 16:25","swapped"
"A0WMM","EK0654","DXB","CMB","12/27/2016 05:05","12/27/2016 09:20","12/27/2016 07:05","12/27/2016 11:20","delayed"
"A0WMM","EK0653","CMB","MLE",,,"12/27/2016 14:45","12/27/2016 16:25","swapped"
"A0WMM","EK0654","DXB","CMB","12/27/2016 05:05","12/27/2016 09:20","12/27/2016 07:05","12/27/2016 11:20","delayed"
"A0WMM","EK0653","CMB","MLE",,,"12/27/2016 14:45","12/27/2016 16:25","swapped"
"A0WMM","EK0654","DXB","CMB","12/27/2016 05:05","12/27/2016 09:20","12/27/2016 07:05","12/27/2016 11:20","delayed"
"A0WMM","EK0653","CMB","MLE",,,"12/27/2016 14:45","12/27/2016 16:25","swapped"
"A0WMM","EK0654","DXB","CMB","12/27/2016 05:05","12/27/2016 09:20","12/27/2016 07:05","12/27/2016 11:20","delayed"
"A0WMM","EK0653","CMB","MLE",,,"12/27/2016 14:45","12/27/2016 16:25","swapped"
"A0WMM","EK0654","DXB","CMB","12/27/2016 05:05","12/27/2016 09:20","12/27/2016 07:05","12/27/2016 11:20","delayed"
"A0WMM","EK0653","CMB","MLE",,,"12/27/2016 14:45","12/27/2016 16:25","swapped"
"A0WMM","EK0654","DXB","CMB","12/27/2016 05:05","12/27/2016 09:20","12/27/2016 07:05","12/27/2016 11:20","delayed"
"A0WMM","EK0653","CMB","MLE",,,"12/27/2016 14:45","12/27/2016 16:25","swapped"
"A0WMM","EK0654","DXB","CMB","12/27/2016 05:05","12/27/2016 09:20","12/27/2016 07:05","12/27/2016 11:20","delayed"
"A0WMM","EK0653","CMB","MLE",,,"12/27/2016 14:45","12/27/2016 16:25","swapped"
"A0WMM","EK0654","DXB","CMB","12/27/2016 05:05","12/27/2016 09:20","12/27/2016 07:05","12/27/2016 11:20","delayed"
"A0WMM","EK0653","CMB","MLE",,,"12/27/2016 14:45","12/27/2016 16:25","swapped"
"A0WMM","EK0654","DXB","CMB","12/27/2016 05:05","12/27/2016 09:20","12/27/2016 07:05","12/27/2016 11:20","delayed"
"A0WWI","EK0655","CMB","DXB",,,"12/27/2016 15:40","12/27/2016 20:15","delaydelaydelaydelaydelaydelaydelaydelaydelaydelaydelaydelaydelayswapped"
"A0WWI","EK0652","DXB","MLE","12/27/2016 05:40","12/27/2016 09:55","12/27/2016 07:05","12/27/2016 11:20","delayed"
"A0WWI","EK0652","MLE","CMB","12/27/2016 11:20","12/27/2016 12:50","12/27/2016 12:45","12/27/2016 14:15","delayed"
"A0WWI","EK0655","CMB","DXB",,,"12/27/2016 15:40","12/27/2016 20:15","delaydelaydelaydelaydelaydelaydelaydelaydelaydelaydelaydelayswapped"
"A0WWI","EK0652","DXB","MLE","12/27/2016 05:40","12/27/2016 09:55","12/27/2016 07:05","12/27/2016 11:20","delayed"
"A0WWI","EK0652","MLE","CMB","12/27/2016 11:20","12/27/2016 12:50","12/27/2016 12:45","12/27/2016 14:15","delayed"
"A0WWI","EK0655","CMB","DXB",,,"12/27/2016 15:40","12/27/2016 20:15","delaydelaydelaydelaydelaydelaydelaydelaydelaydelaydelayswapped"
"A0WWI","EK0652","DXB","MLE","12/27/2016 05:40","12/27/2016 09:55","12/27/2016 07:05","12/27/2016 11:20","delayed"
"A0WWI","EK0652","MLE","CMB","12/27/2016 11:20","12/27/2016 12:50","12/27/2016 12:45","12/27/2016 14:15","delayed"
"A0WWI","EK0655","CMB","DXB",,,"12/27/2016 15:40","12/27/2016 20:15","delaydelaydelaydelaydelaydelaydelaydelaydelaydelayswapped"
"A0WWI","EK0652","DXB","MLE","12/27/2016 05:40","12/27/2016 09:55","12/27/2016 07:05","12/27/2016 11:20","delayed"
"A0WWI","EK0652","MLE","CMB","12/27/2016 11:20","12/27/2016 12:50","12/27/2016 12:45","12/27/2016 14:15","delayed"
"A0WWI","EK0655","CMB","DXB",,,"12/27/2016 15:40","12/27/2016 20:15","delaydelaydelaydelaydelaydelaydelaydelaydelayswapped"
"A0WWI","EK0652","DXB","MLE","12/27/2016 05:40","12/27/2016 09:55","12/27/2016 07:05","12/27/2016 11:20","delayed"
"A0WWI","EK0652","MLE","CMB","12/27/2016 11:20","12/27/2016 12:50","12/27/2016 12:45","12/27/2016 14:15","delayed"
"A0WWI","EK0655","CMB","DXB",,,"12/27/2016 15:40","12/27/2016 20:15","delaydelaydelaydelaydelaydelaydelaydelayswapped"
"A0WWI","EK0652","DXB","MLE","12/27/2016 05:40","12/27/2016 09:55","12/27/2016 07:05","12/27/2016 11:20","delayed"
"A0WWI","EK0652","MLE","CMB","12/27/2016 11:20","12/27/2016 12:50","12/27/2016 12:45","12/27/2016 14:15","delayed"
"A0WWI","EK0655","CMB","DXB",,,"12/27/2016 15:40","12/27/2016 20:15","delaydelaydelaydelaydelaydelaydelayswapped"
"A0WWI","EK0652","DXB","MLE","12/27/2016 05:40","12/27/2016 09:55","12/27/2016 07:05","12/27/2016 11:20","delayed"
"A0WWI","EK0652","MLE","CMB","12/27/2016 11:20","12/27/2016 12:50","12/27/2016 12:45","12/27/2016 14:15","delayed"
"A0WWI","EK0655","CMB","DXB",,,"12/27/2016 15:40","12/27/2016 20:15","delaydelaydelaydelaydelaydelayswapped"
"A0WWI","EK0652","DXB","MLE","12/27/2016 05:40","12/27/2016 09:55","12/27/2016 07:05","12/27/2016 11:20","delayed"
"A0WWI","EK0652","MLE","CMB","12/27/2016 11:20","12/27/2016 12:50","12/27/2016 12:45","12/27/2016 14:15","delayed"
"A0WWI","EK0655","CMB","DXB",,,"12/27/2016 15:40","12/27/2016 20:15","delaydelaydelaydelaydelayswapped"
"A0WWI","EK0652","DXB","MLE","12/27/2016 05:40","12/27/2016 09:55","12/27/2016 07:05","12/27/2016 11:20","delayed"
"A0WWI","EK0652","MLE","CMB","12/27/2016 11:20","12/27/2016 12:50","12/27/2016 12:45","12/27/2016 14:15","delayed"
"A0WWI","EK0655","CMB","DXB",,,"12/27/2016 15:40","12/27/2016 20:15","delaydelaydelaydelayswapped"
"A0WWI","EK0652","DXB","MLE","12/27/2016 05:40","12/27/2016 09:55","12/27/2016 07:05","12/27/2016 11:20","delayed"
"A0WWI","EK0652","MLE","CMB","12/27/2016 11:20","12/27/2016 12:50","12/27/2016 12:45","12/27/2016 14:15","delayed"
"A0WWI","EK0655","CMB","DXB",,,"12/27/2016 15:40","12/27/2016 20:15","delaydelaydelayswapped"
"A0WWI","EK0652","DXB","MLE","12/27/2016 05:40","12/27/2016 09:55","12/27/2016 07:05","12/27/2016 11:20","delayed"
"A0WWI","EK0652","MLE","CMB","12/27/2016 11:20","12/27/2016 12:50","12/27/2016 12:45","12/27/2016 14:15","delayed"
"A0WWI","EK0655","CMB","DXB",,,"12/27/2016 15:40","12/27/2016 20:15","delaydelayswapped"
"A0WWI","EK0652","DXB","MLE","12/27/2016 05:40","12/27/2016 09:55","12/27/2016 07:05","12/27/2016 11:20","delayed"
"A0WWI","EK0652","MLE","CMB","12/27/2016 11:20","12/27/2016 12:50","12/27/2016 12:45","12/27/2016 14:15","delayed"
"A0WWI","EK0655","CMB","DXB",,,"12/27/2016 15:40","12/27/2016 20:15","delayswapped"
"A0WWI","EK0652","DXB","MLE","12/27/2016 05:40","12/27/2016 09:55","12/27/2016 07:05","12/27/2016 11:20","delayed"
"A0WWI","EK0652","MLE","CMB","12/27/2016 11:20","12/27/2016 12:50","12/27/2016 12:45","12/27/2016 14:15","delayed"
"A0WWT","EK0093","DXB","BLQ","12/27/2016 05:10","12/27/2016 11:45","12/27/2016 07:10","12/27/2016 13:45","delayed"
"A0WWT","EK0094","BLQ","DXB","12/27/2016 13:30","12/27/2016 19:20","12/27/2016 15:00","12/27/2016 20:50","delayed"
"A0WWT","EK0093","DXB","BLQ","12/27/2016 05:10","12/27/2016 11:45","12/27/2016 07:10","12/27/2016 13:45","delayed"
"A0WWT","EK0094","BLQ","DXB","12/27/2016 13:30","12/27/2016 19:20","12/27/2016 15:00","12/27/2016 20:50","delayed"
"A0WWT","EK0093","DXB","BLQ","12/27/2016 05:10","12/27/2016 11:45","12/27/2016 07:10","12/27/2016 13:45","delayed"
"A0WWT","EK0094","BLQ","DXB","12/27/2016 13:30","12/27/2016 19:20","12/27/2016 15:00","12/27/2016 20:50","delayed"
"A0WWT","EK0093","DXB","BLQ","12/27/2016 05:10","12/27/2016 11:45","12/27/2016 07:10","12/27/2016 13:45","delayed"
"A0WWT","EK0094","BLQ","DXB","12/27/2016 13:30","12/27/2016 19:20","12/27/2016 15:00","12/27/2016 20:50","delayed"
"A0WWT","EK0093","DXB","BLQ","12/27/2016 05:10","12/27/2016 11:45","12/27/2016 07:10","12/27/2016 13:45","delayed"
"A0WWT","EK0094","BLQ","DXB","12/27/2016 13:30","12/27/2016 19:20","12/27/2016 15:00","12/27/2016 20:50","delayed"
"A0WWT","EK0093","DXB","BLQ","12/27/2016 05:10","12/27/2016 11:45","12/27/2016 07:10","12/27/2016 13:45","delayed"
"A0WWT","EK0094","BLQ","DXB","12/27/2016 13:30","12/27/2016 19:20","12/27/2016 15:00","12/27/2016 20:50","delayed"
"A0WWT","EK0093","DXB","BLQ","12/27/2016 05:10","12/27/2016 11:45","12/27/2016 07:10","12/27/2016 13:45","delayed"
"A0WWT","EK0094","BLQ","DXB","12/27/2016 13:30","12/27/2016 19:20","12/27/2016 15:00","12/27/2016 20:50","delayed"
"A0WWT","EK0093","DXB","BLQ","12/27/2016 05:10","12/27/2016 11:45","12/27/2016 07:10","12/27/2016 13:45","delayed"
"A0WWT","EK0094","BLQ","DXB","12/27/2016 13:30","12/27/2016 19:20","12/27/2016 15:00","12/27/2016 20:50","delayed"
"A0WWT","EK0093","DXB","BLQ","12/27/2016 05:10","12/27/2016 11:45","12/27/2016 07:10","12/27/2016 13:45","delayed"
"A0WWT","EK0094","BLQ","DXB","12/27/2016 13:30","12/27/2016 19:20","12/27/2016 15:00","12/27/2016 20:50","delayed"
"A0WWT","EK0093","DXB","BLQ","12/27/2016 05:10","12/27/2016 11:45","12/27/2016 07:10","12/27/2016 13:45","delayed"
"A0WWT","EK0094","BLQ","DXB","12/27/2016 13:30","12/27/2016 19:20","12/27/2016 15:00","12/27/2016 20:50","delayed"
"A0WWT","EK0093","DXB","BLQ","12/27/2016 05:10","12/27/2016 11:45","12/27/2016 07:10","12/27/2016 13:45","delayed"
"A0WWT","EK0094","BLQ","DXB","12/27/2016 13:30","12/27/2016 19:20","12/27/2016 15:00","12/27/2016 20:50","delayed"
"A0WWT","EK0093","DXB","BLQ","12/27/2016 05:10","12/27/2016 11:45","12/27/2016 07:10","12/27/2016 13:45","delayed"
"A0WWT","EK0094","BLQ","DXB","12/27/2016 13:30","12/27/2016 19:20","12/27/2016 15:00","12/27/2016 20:50","delayed"
"A0WWT","EK0093","DXB","BLQ","12/27/2016 05:10","12/27/2016 11:45","12/27/2016 07:10","12/27/2016 13:45","delayed"
"A0WWT","EK0094","BLQ","DXB","12/27/2016 13:30","12/27/2016 19:20","12/27/2016 15:00","12/27/2016 20:50","delayed"
"A0WVI","EK0097","DXB","FCO","12/27/2016 05:00","12/27/2016 11:40","12/27/2016 07:00","12/27/2016 13:40","delayed"
"A0WVI","EK0098","FCO","DXB","12/27/2016 13:55","12/27/2016 19:50","12/27/2016 15:15","12/27/2016 21:10","delayed"
"A0WVI","EK0097","DXB","FCO","12/27/2016 05:00","12/27/2016 11:40","12/27/2016 07:00","12/27/2016 13:40","delayed"
"A0WVI","EK0098","FCO","DXB","12/27/2016 13:55","12/27/2016 19:50","12/27/2016 15:15","12/27/2016 21:10","delayed"
"A0WVI","EK0097","DXB","FCO","12/27/2016 05:00","12/27/2016 11:40","12/27/2016 07:00","12/27/2016 13:40","delayed"
"A0WVI","EK0098","FCO","DXB","12/27/2016 13:55","12/27/2016 19:50","12/27/2016 15:15","12/27/2016 21:10","delayed"
"A0WVI","EK0097","DXB","FCO","12/27/2016 05:00","12/27/2016 11:40","12/27/2016 07:00","12/27/2016 13:40","delayed"
"A0WVI","EK0098","FCO","DXB","12/27/2016 13:55","12/27/2016 19:50","12/27/2016 15:15","12/27/2016 21:10","delayed"
"A0WVI","EK0097","DXB","FCO","12/27/2016 05:00","12/27/2016 11:40","12/27/2016 07:00","12/27/2016 13:40","delayed"
"A0WVI","EK0098","FCO","DXB","12/27/2016 13:55","12/27/2016 19:50","12/27/2016 15:15","12/27/2016 21:10","delayed"
"A0WVI","EK0097","DXB","FCO","12/27/2016 05:00","12/27/2016 11:40","12/27/2016 07:00","12/27/2016 13:40","delayed"
"A0WVI","EK0098","FCO","DXB","12/27/2016 13:55","12/27/2016 19:50","12/27/2016 15:15","12/27/2016 21:10","delayed"
"A0WVI","EK0097","DXB","FCO","12/27/2016 05:00","12/27/2016 11:40","12/27/2016 07:00","12/27/2016 13:40","delayed"
"A0WVI","EK0098","FCO","DXB","12/27/2016 13:55","12/27/2016 19:50","12/27/2016 15:15","12/27/2016 21:10","delayed"
"A0WVI","EK0097","DXB","FCO","12/27/2016 05:00","12/27/2016 11:40","12/27/2016 07:00","12/27/2016 13:40","delayed"
"A0WVI","EK0098","FCO","DXB","12/27/2016 13:55","12/27/2016 19:50","12/27/2016 15:15","12/27/2016 21:10","delayed"
"A0WVI","EK0097","DXB","FCO","12/27/2016 05:00","12/27/2016 11:40","12/27/2016 07:00","12/27/2016 13:40","delayed"
"A0WVI","EK0098","FCO","DXB","12/27/2016 13:55","12/27/2016 19:50","12/27/2016 15:15","12/27/2016 21:10","delayed"
"A0WVI","EK0097","DXB","FCO","12/27/2016 05:00","12/27/2016 11:40","12/27/2016 07:00","12/27/2016 13:40","delayed"
"A0WVI","EK0098","FCO","DXB","12/27/2016 13:55","12/27/2016 19:50","12/27/2016 15:15","12/27/2016 21:10","delayed"
"A0WVI","EK0097","DXB","FCO","12/27/2016 05:00","12/27/2016 11:40","12/27/2016 07:00","12/27/2016 13:40","delayed"
"A0WVI","EK0098","FCO","DXB","12/27/2016 13:55","12/27/2016 19:50","12/27/2016 15:15","12/27/2016 21:10","delayed"
"A0WVI","EK0097","DXB","FCO","12/27/2016 05:00","12/27/2016 11:40","12/27/2016 07:00","12/27/2016 13:40","delayed"
"A0WVI","EK0098","FCO","DXB","12/27/2016 13:55","12/27/2016 19:50","12/27/2016 15:15","12/27/2016 21:10","delayed"
"A0WVI","EK0097","DXB","FCO","12/27/2016 05:00","12/27/2016 11:40","12/27/2016 07:00","12/27/2016 13:40","delayed"
"A0WVI","EK0098","FCO","DXB","12/27/2016 13:55","12/27/2016 19:50","12/27/2016 15:15","12/27/2016 21:10","delayed"
"A0WMC","EK0105","DXB","ATH","12/27/2016 05:50","12/27/2016 11:15","12/27/2016 07:15","12/27/2016 12:40","delayed"
"A0WMC","EK0106","ATH","DXB","12/27/2016 13:25","12/27/2016 18:05","12/27/2016 13:55","12/27/2016 18:35","delayed"
"A0WMC","EK0105","DXB","ATH","12/27/2016 05:50","12/27/2016 11:15","12/27/2016 07:15","12/27/2016 12:40","delayed"
"A0WMC","EK0106","ATH","DXB","12/27/2016 13:25","12/27/2016 18:05","12/27/2016 13:55","12/27/2016 18:35","delayed"
"A0WMC","EK0105","DXB","ATH","12/27/2016 05:50","12/27/2016 11:15","12/27/2016 07:15","12/27/2016 12:40","delayed"
"A0WMC","EK0106","ATH","DXB","12/27/2016 13:25","12/27/2016 18:05","12/27/2016 13:55","12/27/2016 18:35","delayed"
"A0WMC","EK0105","DXB","ATH","12/27/2016 05:50","12/27/2016 11:15","12/27/2016 07:15","12/27/2016 12:40","delayed"
"A0WMC","EK0106","ATH","DXB","12/27/2016 13:25","12/27/2016 18:05","12/27/2016 13:55","12/27/2016 18:35","delayed"
"A0WMC","EK0105","DXB","ATH","12/27/2016 05:50","12/27/2016 11:15","12/27/2016 07:15","12/27/2016 12:40","delayed"
"A0WMC","EK0106","ATH","DXB","12/27/2016 13:25","12/27/2016 18:05","12/27/2016 13:55","12/27/2016 18:35","delayed"
"A0WMC","EK0105","DXB","ATH","12/27/2016 05:50","12/27/2016 11:15","12/27/2016 07:15","12/27/2016 12:40","delayed"
"A0WMC","EK0106","ATH","DXB","12/27/2016 13:25","12/27/2016 18:05","12/27/2016 13:55","12/27/2016 18:35","delayed"
"A0WMC","EK0105","DXB","ATH","12/27/2016 05:50","12/27/2016 11:15","12/27/2016 07:15","12/27/2016 12:40","delayed"
"A0WMC","EK0106","ATH","DXB","12/27/2016 13:25","12/27/2016 18:05","12/27/2016 13:55","12/27/2016 18:35","delayed"
"A0WMC","EK0105","DXB","ATH","12/27/2016 05:50","12/27/2016 11:15","12/27/2016 07:15","12/27/2016 12:40","delayed"
"A0WMC","EK0106","ATH","DXB","12/27/2016 13:25","12/27/2016 18:05","12/27/2016 13:55","12/27/2016 18:35","delayed"
"A0WMC","EK0105","DXB","ATH","12/27/2016 05:50","12/27/2016 11:15","12/27/2016 07:15","12/27/2016 12:40","delayed"
"A0WMC","EK0106","ATH","DXB","12/27/2016 13:25","12/27/2016 18:05","12/27/2016 13:55","12/27/2016 18:35","delayed"
"A0WMC","EK0105","DXB","ATH","12/27/2016 05:50","12/27/2016 11:15","12/27/2016 07:15","12/27/2016 12:40","delayed"
"A0WMC","EK0106","ATH","DXB","12/27/2016 13:25","12/27/2016 18:05","12/27/2016 13:55","12/27/2016 18:35","delayed"
"A0WMC","EK0105","DXB","ATH","12/27/2016 05:50","12/27/2016 11:15","12/27/2016 07:15","12/27/2016 12:40","delayed"
"A0WMC","EK0106","ATH","DXB","12/27/2016 13:25","12/27/2016 18:05","12/27/2016 13:55","12/27/2016 18:35","delayed"
"A0WMC","EK0105","DXB","ATH","12/27/2016 05:50","12/27/2016 11:15","12/27/2016 07:15","12/27/2016 12:40","delayed"
"A0WMC","EK0106","ATH","DXB","12/27/2016 13:25","12/27/2016 18:05","12/27/2016 13:55","12/27/2016 18:35","delayed"
"A0WMC","EK0105","DXB","ATH","12/27/2016 05:50","12/27/2016 11:15","12/27/2016 07:15","12/27/2016 12:40","delayed"
"A0WMC","EK0106","ATH","DXB","12/27/2016 13:25","12/27/2016 18:05","12/27/2016 13:55","12/27/2016 18:35","delayed"
"A0WBB","EK0111","DXB","BUD","12/27/2016 04:25","12/27/2016 10:40","12/27/2016 07:01","12/27/2016 13:16","delayed"
"A0WBB","EK0112","BUD","DXB","12/27/2016 13:40","12/27/2016 19:05","12/27/2016 14:31","12/27/2016 19:56","delayed"
"A0WBB","EK0111","DXB","BUD","12/27/2016 04:25","12/27/2016 10:40","12/27/2016 07:01","12/27/2016 13:16","delayed"
"A0WBB","EK0112","BUD","DXB","12/27/2016 13:40","12/27/2016 19:05","12/27/2016 14:31","12/27/2016 19:56","delayed"
"A0WBB","EK0111","DXB","BUD","12/27/2016 04:25","12/27/2016 10:40","12/27/2016 07:01","12/27/2016 13:16","delayed"
"A0WBB","EK0112","BUD","DXB","12/27/2016 13:40","12/27/2016 19:05","12/27/2016 14:31","12/27/2016 19:56","delayed"
"A0WBB","EK0111","DXB","BUD","12/27/2016 04:25","12/27/2016 10:40","12/27/2016 07:01","12/27/2016 13:16","delayed"
"A0WBB","EK0112","BUD","DXB","12/27/2016 13:40","12/27/2016 19:05","12/27/2016 14:31","12/27/2016 19:56","delayed"
"A0WBB","EK0111","DXB","BUD","12/27/2016 04:25","12/27/2016 10:40","12/27/2016 07:01","12/27/2016 13:16","delayed"
"A0WBB","EK0112","BUD","DXB","12/27/2016 13:40","12/27/2016 19:05","12/27/2016 14:31","12/27/2016 19:56","delayed"
"A0WBB","EK0111","DXB","BUD","12/27/2016 04:25","12/27/2016 10:40","12/27/2016 07:01","12/27/2016 13:16","delayed"
"A0WBB","EK0112","BUD","DXB","12/27/2016 13:40","12/27/2016 19:05","12/27/2016 14:31","12/27/2016 19:56","delayed"
"A0WBB","EK0111","DXB","BUD","12/27/2016 04:25","12/27/2016 10:40","12/27/2016 07:01","12/27/2016 13:16","delayed"
"A0WBB","EK0112","BUD","DXB","12/27/2016 13:40","12/27/2016 19:05","12/27/2016 14:31","12/27/2016 19:56","delayed"
"A0WBB","EK0111","DXB","BUD","12/27/2016 04:25","12/27/2016 10:40","12/27/2016 07:01","12/27/2016 13:16","delayed"
"A0WBB","EK0112","BUD","DXB","12/27/2016 13:40","12/27/2016 19:05","12/27/2016 14:31","12/27/2016 19:56","delayed"
"A0WBB","EK0111","DXB","BUD","12/27/2016 04:25","12/27/2016 10:40","12/27/2016 07:01","12/27/2016 13:16","delayed"
"A0WBB","EK0112","BUD","DXB","12/27/2016 13:40","12/27/2016 19:05","12/27/2016 14:31","12/27/2016 19:56","delayed"
"A0WBB","EK0111","DXB","BUD","12/27/2016 04:25","12/27/2016 10:40","12/27/2016 07:01","12/27/2016 13:16","delayed"
"A0WBB","EK0112","BUD","DXB","12/27/2016 13:40","12/27/2016 19:05","12/27/2016 14:31","12/27/2016 19:56","delayed"
"A0WBB","EK0111","DXB","BUD","12/27/2016 04:25","12/27/2016 10:40","12/27/2016 07:01","12/27/2016 13:16","delayed"
"A0WBB","EK0112","BUD","DXB","12/27/2016 13:40","12/27/2016 19:05","12/27/2016 14:31","12/27/2016 19:56","delayed"
"A0WBB","EK0111","DXB","BUD","12/27/2016 04:25","12/27/2016 10:40","12/27/2016 07:01","12/27/2016 13:16","delayed"
"A0WBB","EK0112","BUD","DXB","12/27/2016 13:40","12/27/2016 19:05","12/27/2016 14:31","12/27/2016 19:56","delayed"
"A0WBB","EK0111","DXB","BUD","12/27/2016 04:25","12/27/2016 10:40","12/27/2016 07:01","12/27/2016 13:16","delayed"
"A0WBB","EK0112","BUD","DXB","12/27/2016 13:40","12/27/2016 19:05","12/27/2016 14:31","12/27/2016 19:56","delayed"
"A0WLZ","EK0127","DXB","VIE","12/27/2016 05:00","12/27/2016 11:25","12/27/2016 07:00","12/27/2016 13:25","delayed"
"A0WLZ","EK0128","VIE","DXB","12/27/2016 13:55","12/27/2016 19:35","12/27/2016 15:00","12/27/2016 20:40","delayed"
"A0WLZ","EK0127","DXB","VIE","12/27/2016 05:00","12/27/2016 11:25","12/27/2016 07:00","12/27/2016 13:25","delayed"
"A0WLZ","EK0128","VIE","DXB","12/27/2016 13:55","12/27/2016 19:35","12/27/2016 15:00","12/27/2016 20:40","delayed"
"A0WLZ","EK0127","DXB","VIE","12/27/2016 05:00","12/27/2016 11:25","12/27/2016 07:00","12/27/2016 13:25","delayed"
"A0WLZ","EK0128","VIE","DXB","12/27/2016 13:55","12/27/2016 19:35","12/27/2016 15:00","12/27/2016 20:40","delayed"
"A0WLZ","EK0127","DXB","VIE","12/27/2016 05:00","12/27/2016 11:25","12/27/2016 07:00","12/27/2016 13:25","delayed"
"A0WLZ","EK0128","VIE","DXB","12/27/2016 13:55","12/27/2016 19:35","12/27/2016 15:00","12/27/2016 20:40","delayed"
"A0WLZ","EK0127","DXB","VIE","12/27/2016 05:00","12/27/2016 11:25","12/27/2016 07:00","12/27/2016 13:25","delayed"
"A0WLZ","EK0128","VIE","DXB","12/27/2016 13:55","12/27/2016 19:35","12/27/2016 15:00","12/27/2016 20:40","delayed"
"A0WLZ","EK0127","DXB","VIE","12/27/2016 05:00","12/27/2016 11:25","12/27/2016 07:00","12/27/2016 13:25","delayed"
"A0WLZ","EK0128","VIE","DXB","12/27/2016 13:55","12/27/2016 19:35","12/27/2016 15:00","12/27/2016 20:40","delayed"
"A0WLZ","EK0127","DXB","VIE","12/27/2016 05:00","12/27/2016 11:25","12/27/2016 07:00","12/27/2016 13:25","delayed"
"A0WLZ","EK0128","VIE","DXB","12/27/2016 13:55","12/27/2016 19:35","12/27/2016 15:00","12/27/2016 20:40","delayed"
"A0WLZ","EK0127","DXB","VIE","12/27/2016 05:00","12/27/2016 11:25","12/27/2016 07:00","12/27/2016 13:25","delayed"
"A0WLZ","EK0128","VIE","DXB","12/27/2016 13:55","12/27/2016 19:35","12/27/2016 15:00","12/27/2016 20:40","delayed"
"A0WLZ","EK0127","DXB","VIE","12/27/2016 05:00","12/27/2016 11:25","12/27/2016 07:00","12/27/2016 13:25","delayed"
"A0WLZ","EK0128","VIE","DXB","12/27/2016 13:55","12/27/2016 19:35","12/27/2016 15:00","12/27/2016 20:40","delayed"
"A0WLZ","EK0127","DXB","VIE","12/27/2016 05:00","12/27/2016 11:25","12/27/2016 07:00","12/27/2016 13:25","delayed"
"A0WLZ","EK0128","VIE","DXB","12/27/2016 13:55","12/27/2016 19:35","12/27/2016 15:00","12/27/2016 20:40","delayed"
"A0WLZ","EK0127","DXB","VIE","12/27/2016 05:00","12/27/2016 11:25","12/27/2016 07:00","12/27/2016 13:25","delayed"
"A0WLZ","EK0128","VIE","DXB","12/27/2016 13:55","12/27/2016 19:35","12/27/2016 15:00","12/27/2016 20:40","delayed"
"A0WLZ","EK0127","DXB","VIE","12/27/2016 05:00","12/27/2016 11:25","12/27/2016 07:00","12/27/2016 13:25","delayed"
"A0WLZ","EK0128","VIE","DXB","12/27/2016 13:55","12/27/2016 19:35","12/27/2016 15:00","12/27/2016 20:40","delayed"
"A0WLZ","EK0127","DXB","VIE","12/27/2016 05:00","12/27/2016 11:25","12/27/2016 07:00","12/27/2016 13:25","delayed"
"A0WLZ","EK0128","VIE","DXB","12/27/2016 13:55","12/27/2016 19:35","12/27/2016 15:00","12/27/2016 20:40","delayed"
"A0WCD","EK0133","DXB","DME","12/27/2016 06:00","12/27/2016 11:20","12/27/2016 07:25","12/27/2016 12:45","delayed"
"A0WCD","EK0134","DME","DXB","12/27/2016 13:40","12/27/2016 18:55","12/27/2016 14:00","12/27/2016 19:15","delayed"
"A0WCD","EK0133","DXB","DME","12/27/2016 06:00","12/27/2016 11:20","12/27/2016 07:25","12/27/2016 12:45","delayed"
"A0WCD","EK0134","DME","DXB","12/27/2016 13:40","12/27/2016 18:55","12/27/2016 14:00","12/27/2016 19:15","delayed"
"A0WCD","EK0133","DXB","DME","12/27/2016 06:00","12/27/2016 11:20","12/27/2016 07:25","12/27/2016 12:45","delayed"
"A0WCD","EK0134","DME","DXB","12/27/2016 13:40","12/27/2016 18:55","12/27/2016 14:00","12/27/2016 19:15","delayed"
"A0WCD","EK0133","DXB","DME","12/27/2016 06:00","12/27/2016 11:20","12/27/2016 07:25","12/27/2016 12:45","delayed"
"A0WCD","EK0134","DME","DXB","12/27/2016 13:40","12/27/2016 18:55","12/27/2016 14:00","12/27/2016 19:15","delayed"
"A0WCD","EK0133","DXB","DME","12/27/2016 06:00","12/27/2016 11:20","12/27/2016 07:25","12/27/2016 12:45","delayed"
"A0WCD","EK0134","DME","DXB","12/27/2016 13:40","12/27/2016 18:55","12/27/2016 14:00","12/27/2016 19:15","delayed"
"A0WCD","EK0133","DXB","DME","12/27/2016 06:00","12/27/2016 11:20","12/27/2016 07:25","12/27/2016 12:45","delayed"
"A0WCD","EK0134","DME","DXB","12/27/2016 13:40","12/27/2016 18:55","12/27/2016 14:00","12/27/2016 19:15","delayed"
"A0WCD","EK0133","DXB","DME","12/27/2016 06:00","12/27/2016 11:20","12/27/2016 07:25","12/27/2016 12:45","delayed"
"A0WCD","EK0134","DME","DXB","12/27/2016 13:40","12/27/2016 18:55","12/27/2016 14:00","12/27/2016 19:15","delayed"
"A0WCD","EK0133","DXB","DME","12/27/2016 06:00","12/27/2016 11:20","12/27/2016 07:25","12/27/2016 12:45","delayed"
"A0WCD","EK0134","DME","DXB","12/27/2016 13:40","12/27/2016 18:55","12/27/2016 14:00","12/27/2016 19:15","delayed"
"A0WCD","EK0133","DXB","DME","12/27/2016 06:00","12/27/2016 11:20","12/27/2016 07:25","12/27/2016 12:45","delayed"
"A0WCD","EK0134","DME","DXB","12/27/2016 13:40","12/27/2016 18:55","12/27/2016 14:00","12/27/2016 19:15","delayed"
"A0WCD","EK0133","DXB","DME","12/27/2016 06:00","12/27/2016 11:20","12/27/2016 07:25","12/27/2016 12:45","delayed"
"A0WCD","EK0134","DME","DXB","12/27/2016 13:40","12/27/2016 18:55","12/27/2016 14:00","12/27/2016 19:15","delayed"
"A0WCD","EK0133","DXB","DME","12/27/2016 06:00","12/27/2016 11:20","12/27/2016 07:25","12/27/2016 12:45","delayed"
"A0WCD","EK0134","DME","DXB","12/27/2016 13:40","12/27/2016 18:55","12/27/2016 14:00","12/27/2016 19:15","delayed"
"A0WCD","EK0133","DXB","DME","12/27/2016 06:00","12/27/2016 11:20","12/27/2016 07:25","12/27/2016 12:45","delayed"
"A0WCD","EK0134","DME","DXB","12/27/2016 13:40","12/27/2016 18:55","12/27/2016 14:00","12/27/2016 19:15","delayed"
"A0WCD","EK0133","DXB","DME","12/27/2016 06:00","12/27/2016 11:20","12/27/2016 07:25","12/27/2016 12:45","delayed"
"A0WCD","EK0134","DME","DXB","12/27/2016 13:40","12/27/2016 18:55","12/27/2016 14:00","12/27/2016 19:15","delayed"
"A0WDK","EK0237","DXB","BOS","12/27/2016 04:40","12/27/2016 19:00","12/27/2016 07:16","12/27/2016 21:36","delayed"
"A0WDK","EK0237","DXB","BOS","12/27/2016 04:40","12/27/2016 19:00","12/27/2016 07:16","12/27/2016 21:36","delayed"
"A0WDK","EK0237","DXB","BOS","12/27/2016 04:40","12/27/2016 19:00","12/27/2016 07:16","12/27/2016 21:36","delayed"
"A0WDK","EK0237","DXB","BOS","12/27/2016 04:40","12/27/2016 19:00","12/27/2016 07:16","12/27/2016 21:36","delayed"
"A0WDK","EK0237","DXB","BOS","12/27/2016 04:40","12/27/2016 19:00","12/27/2016 07:16","12/27/2016 21:36","delayed"
"A0WDK","EK0237","DXB","BOS","12/27/2016 04:40","12/27/2016 19:00","12/27/2016 07:16","12/27/2016 21:36","delayed"
"A0WDK","EK0237","DXB","BOS","12/27/2016 04:40","12/27/2016 19:00","12/27/2016 07:16","12/27/2016 21:36","delayed"
"A0WDK","EK0237","DXB","BOS","12/27/2016 04:40","12/27/2016 19:00","12/27/2016 07:16","12/27/2016 21:36","delayed"
"A0WDK","EK0237","DXB","BOS","12/27/2016 04:40","12/27/2016 19:00","12/27/2016 07:16","12/27/2016 21:36","delayed"
"A0WDK","EK0237","DXB","BOS","12/27/2016 04:40","12/27/2016 19:00","12/27/2016 07:16","12/27/2016 21:36","delayed"
"A0WDK","EK0237","DXB","BOS","12/27/2016 04:40","12/27/2016 19:00","12/27/2016 07:16","12/27/2016 21:36","delayed"
"A0WDK","EK0237","DXB","BOS","12/27/2016 04:40","12/27/2016 19:00","12/27/2016 07:16","12/27/2016 21:36","delayed"
"A0WDK","EK0237","DXB","BOS","12/27/2016 04:40","12/27/2016 19:00","12/27/2016 07:16","12/27/2016 21:36","delayed"
"A0WDQ","EK0304","DXB","PVG","12/27/2016 05:15","12/27/2016 13:05","12/27/2016 07:15","12/27/2016 15:05","delayed"
"A0WDQ","EK0304","DXB","PVG","12/27/2016 05:15","12/27/2016 13:05","12/27/2016 07:15","12/27/2016 15:05","delayed"
"A0WDQ","EK0304","DXB","PVG","12/27/2016 05:15","12/27/2016 13:05","12/27/2016 07:15","12/27/2016 15:05","delayed"
"A0WDQ","EK0304","DXB","PVG","12/27/2016 05:15","12/27/2016 13:05","12/27/2016 07:15","12/27/2016 15:05","delayed"
"A0WDQ","EK0304","DXB","PVG","12/27/2016 05:15","12/27/2016 13:05","12/27/2016 07:15","12/27/2016 15:05","delayed"
"A0WDQ","EK0304","DXB","PVG","12/27/2016 05:15","12/27/2016 13:05","12/27/2016 07:15","12/27/2016 15:05","delayed"
"A0WDQ","EK0304","DXB","PVG","12/27/2016 05:15","12/27/2016 13:05","12/27/2016 07:15","12/27/2016 15:05","delayed"
"A0WDQ","EK0304","DXB","PVG","12/27/2016 05:15","12/27/2016 13:05","12/27/2016 07:15","12/27/2016 15:05","delayed"
"A0WDQ","EK0304","DXB","PVG","12/27/2016 05:15","12/27/2016 13:05","12/27/2016 07:15","12/27/2016 15:05","delayed"
"A0WDQ","EK0304","DXB","PVG","12/27/2016 05:15","12/27/2016 13:05","12/27/2016 07:15","12/27/2016 15:05","delayed"
"A0WDQ","EK0304","DXB","PVG","12/27/2016 05:15","12/27/2016 13:05","12/27/2016 07:15","12/27/2016 15:05","delayed"
"A0WDQ","EK0304","DXB","PVG","12/27/2016 05:15","12/27/2016 13:05","12/27/2016 07:15","12/27/2016 15:05","delayed"
"A0WDQ","EK0304","DXB","PVG","12/27/2016 05:15","12/27/2016 13:05","12/27/2016 07:15","12/27/2016 15:05","delayed"
"A0WCO","EK0586","DXB","DAC","12/27/2016 06:30","12/27/2016 10:55","12/27/2016 07:20","12/27/2016 11:45","delayed"
"A0WCO","EK0587","DAC","DXB","12/27/2016 12:40","12/27/2016 18:10","12/27/2016 13:00","12/27/2016 18:30","delayed"
"A0WCO","EK0586","DXB","DAC","12/27/2016 06:30","12/27/2016 10:55","12/27/2016 07:20","12/27/2016 11:45","delayed"
"A0WCO","EK0587","DAC","DXB","12/27/2016 12:40","12/27/2016 18:10","12/27/2016 13:00","12/27/2016 18:30","delayed"
"A0WCO","EK0586","DXB","DAC","12/27/2016 06:30","12/27/2016 10:55","12/27/2016 07:20","12/27/2016 11:45","delayed"
"A0WCO","EK0587","DAC","DXB","12/27/2016 12:40","12/27/2016 18:10","12/27/2016 13:00","12/27/2016 18:30","delayed"
"A0WCO","EK0586","DXB","DAC","12/27/2016 06:30","12/27/2016 10:55","12/27/2016 07:20","12/27/2016 11:45","delayed"
"A0WCO","EK0587","DAC","DXB","12/27/2016 12:40","12/27/2016 18:10","12/27/2016 13:00","12/27/2016 18:30","delayed"
"A0WCO","EK0586","DXB","DAC","12/27/2016 06:30","12/27/2016 10:55","12/27/2016 07:20","12/27/2016 11:45","delayed"
"A0WCO","EK0587","DAC","DXB","12/27/2016 12:40","12/27/2016 18:10","12/27/2016 13:00","12/27/2016 18:30","delayed"
"A0WCO","EK0586","DXB","DAC","12/27/2016 06:30","12/27/2016 10:55","12/27/2016 07:20","12/27/2016 11:45","delayed"
"A0WCO","EK0587","DAC","DXB","12/27/2016 12:40","12/27/2016 18:10","12/27/2016 13:00","12/27/2016 18:30","delayed"
"A0WCO","EK0586","DXB","DAC","12/27/2016 06:30","12/27/2016 10:55","12/27/2016 07:20","12/27/2016 11:45","delayed"
"A0WCO","EK0587","DAC","DXB","12/27/2016 12:40","12/27/2016 18:10","12/27/2016 13:00","12/27/2016 18:30","delayed"
"A0WCO","EK0586","DXB","DAC","12/27/2016 06:30","12/27/2016 10:55","12/27/2016 07:20","12/27/2016 11:45","delayed"
"A0WCO","EK0587","DAC","DXB","12/27/2016 12:40","12/27/2016 18:10","12/27/2016 13:00","12/27/2016 18:30","delayed"
"A0WCO","EK0586","DXB","DAC","12/27/2016 06:30","12/27/2016 10:55","12/27/2016 07:20","12/27/2016 11:45","delayed"
"A0WCO","EK0587","DAC","DXB","12/27/2016 12:40","12/27/2016 18:10","12/27/2016 13:00","12/27/2016 18:30","delayed"
"A0WCO","EK0586","DXB","DAC","12/27/2016 06:30","12/27/2016 10:55","12/27/2016 07:20","12/27/2016 11:45","delayed"
"A0WCO","EK0587","DAC","DXB","12/27/2016 12:40","12/27/2016 18:10","12/27/2016 13:00","12/27/2016 18:30","delayed"
"A0WCO","EK0586","DXB","DAC","12/27/2016 06:30","12/27/2016 10:55","12/27/2016 07:20","12/27/2016 11:45","delayed"
"A0WCO","EK0587","DAC","DXB","12/27/2016 12:40","12/27/2016 18:10","12/27/2016 13:00","12/27/2016 18:30","delayed"
"A0WCO","EK0586","DXB","DAC","12/27/2016 06:30","12/27/2016 10:55","12/27/2016 07:20","12/27/2016 11:45","delayed"
"A0WCO","EK0587","DAC","DXB","12/27/2016 12:40","12/27/2016 18:10","12/27/2016 13:00","12/27/2016 18:30","delayed"
"A0WCO","EK0586","DXB","DAC","12/27/2016 06:30","12/27/2016 10:55","12/27/2016 07:20","12/27/2016 11:45","delayed"
"A0WCO","EK0587","DAC","DXB","12/27/2016 12:40","12/27/2016 18:10","12/27/2016 13:00","12/27/2016 18:30","delayed"
"A0WBE","EK0606","DXB","KHI","12/27/2016 05:30","12/27/2016 07:35","12/27/2016 07:30","12/27/2016 09:35","delayed"
"A0WBE","EK0607","KHI","DXB","12/27/2016 09:05","12/27/2016 11:15","12/27/2016 11:00","12/27/2016 13:10","delayed"
"A0WBE","EK0606","DXB","KHI","12/27/2016 05:30","12/27/2016 07:35","12/27/2016 07:30","12/27/2016 09:35","delayed"
"A0WBE","EK0607","KHI","DXB","12/27/2016 09:05","12/27/2016 11:15","12/27/2016 11:00","12/27/2016 13:10","delayed"
"A0WBE","EK0606","DXB","KHI","12/27/2016 05:30","12/27/2016 07:35","12/27/2016 07:30","12/27/2016 09:35","delayed"
"A0WBE","EK0607","KHI","DXB","12/27/2016 09:05","12/27/2016 11:15","12/27/2016 11:00","12/27/2016 13:10","delayed"
"A0WBE","EK0606","DXB","KHI","12/27/2016 05:30","12/27/2016 07:35","12/27/2016 07:30","12/27/2016 09:35","delayed"
"A0WBE","EK0607","KHI","DXB","12/27/2016 09:05","12/27/2016 11:15","12/27/2016 11:00","12/27/2016 13:10","delayed"
"A0WBE","EK0606","DXB","KHI","12/27/2016 05:30","12/27/2016 07:35","12/27/2016 07:30","12/27/2016 09:35","delayed"
"A0WBE","EK0607","KHI","DXB","12/27/2016 09:05","12/27/2016 11:15","12/27/2016 11:00","12/27/2016 13:10","delayed"
"A0WBE","EK0606","DXB","KHI","12/27/2016 05:30","12/27/2016 07:35","12/27/2016 07:30","12/27/2016 09:35","delayed"
"A0WBE","EK0607","KHI","DXB","12/27/2016 09:05","12/27/2016 11:15","12/27/2016 11:00","12/27/2016 13:10","delayed"
"A0WBE","EK0606","DXB","KHI","12/27/2016 05:30","12/27/2016 07:35","12/27/2016 07:30","12/27/2016 09:35","delayed"
"A0WBE","EK0607","KHI","DXB","12/27/2016 09:05","12/27/2016 11:15","12/27/2016 11:00","12/27/2016 13:10","delayed"
"A0WBE","EK0606","DXB","KHI","12/27/2016 05:30","12/27/2016 07:35","12/27/2016 07:30","12/27/2016 09:35","delayed"
"A0WBE","EK0607","KHI","DXB","12/27/2016 09:05","12/27/2016 11:15","12/27/2016 11:00","12/27/2016 13:10","delayed"
"A0WBE","EK0606","DXB","KHI","12/27/2016 05:30","12/27/2016 07:35","12/27/2016 07:30","12/27/2016 09:35","delayed"
"A0WBE","EK0607","KHI","DXB","12/27/2016 09:05","12/27/2016 11:15","12/27/2016 11:00","12/27/2016 13:10","delayed"
"A0WBE","EK0606","DXB","KHI","12/27/2016 05:30","12/27/2016 07:35","12/27/2016 07:30","12/27/2016 09:35","delayed"
"A0WBE","EK0607","KHI","DXB","12/27/2016 09:05","12/27/2016 11:15","12/27/2016 11:00","12/27/2016 13:10","delayed"
"A0WBE","EK0606","DXB","KHI","12/27/2016 05:30","12/27/2016 07:35","12/27/2016 07:30","12/27/2016 09:35","delayed"
"A0WBE","EK0607","KHI","DXB","12/27/2016 09:05","12/27/2016 11:15","12/27/2016 11:00","12/27/2016 13:10","delayed"
"A0WBE","EK0606","DXB","KHI","12/27/2016 05:30","12/27/2016 07:35","12/27/2016 07:30","12/27/2016 09:35","delayed"
"A0WBE","EK0607","KHI","DXB","12/27/2016 09:05","12/27/2016 11:15","12/27/2016 11:00","12/27/2016 13:10","delayed"
"A0WBE","EK0606","DXB","KHI","12/27/2016 05:30","12/27/2016 07:35","12/27/2016 07:30","12/27/2016 09:35","delayed"
"A0WBE","EK0607","KHI","DXB","12/27/2016 09:05","12/27/2016 11:15","12/27/2016 11:00","12/27/2016 13:10","delayed"
"A0WMB","EK0640","DXB","KBL","12/27/2016 05:55","12/27/2016 08:45","12/27/2016 07:20","12/27/2016 10:10","delayed"
"A0WMB","EK0568","DXB","BLR","12/27/2016 17:50","12/27/2016 21:25","12/27/2016 17:50","12/27/2016 21:25","unaffected"
"A0WMB","EK0641","KBL","DXB","12/27/2016 12:00","12/27/2016 15:05","12/27/2016 12:00","12/27/2016 15:05","unaffected"
"A0WMB","EK0640","DXB","KBL","12/27/2016 05:55","12/27/2016 08:45","12/27/2016 07:20","12/27/2016 10:10","delayed"
"A0WMB","EK0568","DXB","BLR","12/27/2016 17:50","12/27/2016 21:25","12/27/2016 17:50","12/27/2016 21:25","unaffected"
"A0WMB","EK0641","KBL","DXB","12/27/2016 12:00","12/27/2016 15:05","12/27/2016 12:00","12/27/2016 15:05","unaffected"
"A0WMB","EK0640","DXB","KBL","12/27/2016 05:55","12/27/2016 08:45","12/27/2016 07:20","12/27/2016 10:10","delayed"
"A0WMB","EK0568","DXB","BLR","12/27/2016 17:50","12/27/2016 21:25","12/27/2016 17:50","12/27/2016 21:25","unaffected"
"A0WMB","EK0641","KBL","DXB","12/27/2016 12:00","12/27/2016 15:05","12/27/2016 12:00","12/27/2016 15:05","unaffected"
"A0WMB","EK0640","DXB","KBL","12/27/2016 05:55","12/27/2016 08:45","12/27/2016 07:20","12/27/2016 10:10","delayed"
"A0WMB","EK0568","DXB","BLR","12/27/2016 17:50","12/27/2016 21:25","12/27/2016 17:50","12/27/2016 21:25","unaffected"
"A0WMB","EK0641","KBL","DXB","12/27/2016 12:00","12/27/2016 15:05","12/27/2016 12:00","12/27/2016 15:05","unaffected"
"A0WMB","EK0640","DXB","KBL","12/27/2016 05:55","12/27/2016 08:45","12/27/2016 07:20","12/27/2016 10:10","delayed"
"A0WMB","EK0568","DXB","BLR","12/27/2016 17:50","12/27/2016 21:25","12/27/2016 17:50","12/27/2016 21:25","unaffected"
"A0WMB","EK0641","KBL","DXB","12/27/2016 12:00","12/27/2016 15:05","12/27/2016 12:00","12/27/2016 15:05","unaffected"
"A0WMB","EK0640","DXB","KBL","12/27/2016 05:55","12/27/2016 08:45","12/27/2016 07:20","12/27/2016 10:10","delayed"
"A0WMB","EK0568","DXB","BLR","12/27/2016 17:50","12/27/2016 21:25","12/27/2016 17:50","12/27/2016 21:25","unaffected"
"A0WMB","EK0641","KBL","DXB","12/27/2016 12:00","12/27/2016 15:05","12/27/2016 12:00","12/27/2016 15:05","unaffected"
"A0WMB","EK0640","DXB","KBL","12/27/2016 05:55","12/27/2016 08:45","12/27/2016 07:20","12/27/2016 10:10","delayed"
"A0WMB","EK0568","DXB","BLR","12/27/2016 17:50","12/27/2016 21:25","12/27/2016 17:50","12/27/2016 21:25","unaffected"
"A0WMB","EK0641","KBL","DXB","12/27/2016 12:00","12/27/2016 15:05","12/27/2016 12:00","12/27/2016 15:05","unaffected"
"A0WMB","EK0640","DXB","KBL","12/27/2016 05:55","12/27/2016 08:45","12/27/2016 07:20","12/27/2016 10:10","delayed"
"A0WMB","EK0568","DXB","BLR","12/27/2016 17:50","12/27/2016 21:25","12/27/2016 17:50","12/27/2016 21:25","unaffected"
"A0WMB","EK0641","KBL","DXB","12/27/2016 12:00","12/27/2016 15:05","12/27/2016 12:00","12/27/2016 15:05","unaffected"
"A0WMB","EK0640","DXB","KBL","12/27/2016 05:55","12/27/2016 08:45","12/27/2016 07:20","12/27/2016 10:10","delayed"
"A0WMB","EK0568","DXB","BLR","12/27/2016 17:50","12/27/2016 21:25","12/27/2016 17:50","12/27/2016 21:25","unaffected"
"A0WMB","EK0641","KBL","DXB","12/27/2016 12:00","12/27/2016 15:05","12/27/2016 12:00","12/27/2016 15:05","unaffected"
"A0WMB","EK0640","DXB","KBL","12/27/2016 05:55","12/27/2016 08:45","12/27/2016 07:20","12/27/2016 10:10","delayed"
"A0WMB","EK0568","DXB","BLR","12/27/2016 17:50","12/27/2016 21:25","12/27/2016 17:50","12/27/2016 21:25","unaffected"
"A0WMB","EK0641","KBL","DXB","12/27/2016 12:00","12/27/2016 15:05","12/27/2016 12:00","12/27/2016 15:05","unaffected"
"A0WMB","EK0640","DXB","KBL","12/27/2016 05:55","12/27/2016 08:45","12/27/2016 07:20","12/27/2016 10:10","delayed"
"A0WMB","EK0568","DXB","BLR","12/27/2016 17:50","12/27/2016 21:25","12/27/2016 17:50","12/27/2016 21:25","unaffected"
"A0WMB","EK0641","KBL","DXB","12/27/2016 12:00","12/27/2016 15:05","12/27/2016 12:00","12/27/2016 15:05","unaffected"
"A0WMB","EK0640","DXB","KBL","12/27/2016 05:55","12/27/2016 08:45","12/27/2016 07:20","12/27/2016 10:10","delayed"
"A0WMB","EK0568","DXB","BLR","12/27/2016 17:50","12/27/2016 21:25","12/27/2016 17:50","12/27/2016 21:25","unaffected"
"A0WMB","EK0641","KBL","DXB","12/27/2016 12:00","12/27/2016 15:05","12/27/2016 12:00","12/27/2016 15:05","unaffected"
"A0WMB","EK0640","DXB","KBL","12/27/2016 05:55","12/27/2016 08:45","12/27/2016 07:20","12/27/2016 10:10","delayed"
"A0WMB","EK0568","DXB","BLR","12/27/2016 17:50","12/27/2016 21:25","12/27/2016 17:50","12/27/2016 21:25","unaffected"
"A0WMB","EK0641","KBL","DXB","12/27/2016 12:00","12/27/2016 15:05","12/27/2016 12:00","12/27/2016 15:05","unaffected"
"A0WGQ","EK0729","DXB","EBB","12/27/2016 05:25","12/27/2016 10:50","12/27/2016 07:25","12/27/2016 12:50","delayed"
"A0WGQ","EK0730","EBB","DXB","12/27/2016 12:20","12/27/2016 17:35","12/27/2016 14:15","12/27/2016 19:30","delayed"
"A0WGQ","EK0729","DXB","EBB","12/27/2016 05:25","12/27/2016 10:50","12/27/2016 07:25","12/27/2016 12:50","delayed"
"A0WGQ","EK0730","EBB","DXB","12/27/2016 12:20","12/27/2016 17:35","12/27/2016 14:15","12/27/2016 19:30","delayed"
"A0WGQ","EK0729","DXB","EBB","12/27/2016 05:25","12/27/2016 10:50","12/27/2016 07:25","12/27/2016 12:50","delayed"
"A0WGQ","EK0730","EBB","DXB","12/27/2016 12:20","12/27/2016 17:35","12/27/2016 14:15","12/27/2016 19:30","delayed"
"A0WGQ","EK0729","DXB","EBB","12/27/2016 05:25","12/27/2016 10:50","12/27/2016 07:25","12/27/2016 12:50","delayed"
"A0WGQ","EK0730","EBB","DXB","12/27/2016 12:20","12/27/2016 17:35","12/27/2016 14:15","12/27/2016 19:30","delayed"
"A0WGQ","EK0729","DXB","EBB","12/27/2016 05:25","12/27/2016 10:50","12/27/2016 07:25","12/27/2016 12:50","delayed"
"A0WGQ","EK0730","EBB","DXB","12/27/2016 12:20","12/27/2016 17:35","12/27/2016 14:15","12/27/2016 19:30","delayed"
"A0WGQ","EK0729","DXB","EBB","12/27/2016 05:25","12/27/2016 10:50","12/27/2016 07:25","12/27/2016 12:50","delayed"
"A0WGQ","EK0730","EBB","DXB","12/27/2016 12:20","12/27/2016 17:35","12/27/2016 14:15","12/27/2016 19:30","delayed"
"A0WGQ","EK0729","DXB","EBB","12/27/2016 05:25","12/27/2016 10:50","12/27/2016 07:25","12/27/2016 12:50","delayed"
"A0WGQ","EK0730","EBB","DXB","12/27/2016 12:20","12/27/2016 17:35","12/27/2016 14:15","12/27/2016 19:30","delayed"
"A0WGQ","EK0729","DXB","EBB","12/27/2016 05:25","12/27/2016 10:50","12/27/2016 07:25","12/27/2016 12:50","delayed"
"A0WGQ","EK0730","EBB","DXB","12/27/2016 12:20","12/27/2016 17:35","12/27/2016 14:15","12/27/2016 19:30","delayed"
"A0WGQ","EK0729","DXB","EBB","12/27/2016 05:25","12/27/2016 10:50","12/27/2016 07:25","12/27/2016 12:50","delayed"
"A0WGQ","EK0730","EBB","DXB","12/27/2016 12:20","12/27/2016 17:35","12/27/2016 14:15","12/27/2016 19:30","delayed"
"A0WGQ","EK0729","DXB","EBB","12/27/2016 05:25","12/27/2016 10:50","12/27/2016 07:25","12/27/2016 12:50","delayed"
"A0WGQ","EK0730","EBB","DXB","12/27/2016 12:20","12/27/2016 17:35","12/27/2016 14:15","12/27/2016 19:30","delayed"
"A0WGQ","EK0729","DXB","EBB","12/27/2016 05:25","12/27/2016 10:50","12/27/2016 07:25","12/27/2016 12:50","delayed"
"A0WGQ","EK0730","EBB","DXB","12/27/2016 12:20","12/27/2016 17:35","12/27/2016 14:15","12/27/2016 19:30","delayed"
"A0WGQ","EK0729","DXB","EBB","12/27/2016 05:25","12/27/2016 10:50","12/27/2016 07:25","12/27/2016 12:50","delayed"
"A0WGQ","EK0730","EBB","DXB","12/27/2016 12:20","12/27/2016 17:35","12/27/2016 14:15","12/27/2016 19:30","delayed"
"A0WGQ","EK0729","DXB","EBB","12/27/2016 05:25","12/27/2016 10:50","12/27/2016 07:25","12/27/2016 12:50","delayed"
"A0WGQ","EK0730","EBB","DXB","12/27/2016 12:20","12/27/2016 17:35","12/27/2016 14:15","12/27/2016 19:30","delayed"
"A0WWJ","EK0808","MED","DXB","12/27/2016 01:55","12/27/2016 04:20","12/27/2016 05:07","12/27/2016 07:32","delayed"
"A0WWJ","EK0344","DXB","KUL","12/27/2016 17:40","12/28/2016 00:35","12/27/2016 17:40","12/28/2016 00:35","unaffected"
"A0WWJ","EK0808","MED","DXB","12/27/2016 01:55","12/27/2016 04:20","12/27/2016 05:07","12/27/2016 07:32","delayed"
"A0WWJ","EK0344","DXB","KUL","12/27/2016 17:40","12/28/2016 00:35","12/27/2016 17:40","12/28/2016 00:35","unaffected"
"A0WWJ","EK0808","MED","DXB","12/27/2016 01:55","12/27/2016 04:20","12/27/2016 05:07","12/27/2016 07:32","delayed"
"A0WWJ","EK0344","DXB","KUL","12/27/2016 17:40","12/28/2016 00:35","12/27/2016 17:40","12/28/2016 00:35","unaffected"
"A0WWJ","EK0808","MED","DXB","12/27/2016 01:55","12/27/2016 04:20","12/27/2016 05:07","12/27/2016 07:32","delayed"
"A0WWJ","EK0344","DXB","KUL","12/27/2016 17:40","12/28/2016 00:35","12/27/2016 17:40","12/28/2016 00:35","unaffected"
"A0WWJ","EK0808","MED","DXB","12/27/2016 01:55","12/27/2016 04:20","12/27/2016 05:07","12/27/2016 07:32","delayed"
"A0WWJ","EK0344","DXB","KUL","12/27/2016 17:40","12/28/2016 00:35","12/27/2016 17:40","12/28/2016 00:35","unaffected"
"A0WWJ","EK0808","MED","DXB","12/27/2016 01:55","12/27/2016 04:20","12/27/2016 05:07","12/27/2016 07:32","delayed"
"A0WWJ","EK0344","DXB","KUL","12/27/2016 17:40","12/28/2016 00:35","12/27/2016 17:40","12/28/2016 00:35","unaffected"
"A0WWJ","EK0808","MED","DXB","12/27/2016 01:55","12/27/2016 04:20","12/27/2016 05:07","12/27/2016 07:32","delayed"
"A0WWJ","EK0344","DXB","KUL","12/27/2016 17:40","12/28/2016 00:35","12/27/2016 17:40","12/28/2016 00:35","unaffected"
"A0WWJ","EK0808","MED","DXB","12/27/2016 01:55","12/27/2016 04:20","12/27/2016 05:07","12/27/2016 07:32","delayed"
"A0WWJ","EK0344","DXB","KUL","12/27/2016 17:40","12/28/2016 00:35","12/27/2016 17:40","12/28/2016 00:35","unaffected"
"A0WWJ","EK0808","MED","DXB","12/27/2016 01:55","12/27/2016 04:20","12/27/2016 05:07","12/27/2016 07:32","delayed"
"A0WWJ","EK0344","DXB","KUL","12/27/2016 17:40","12/28/2016 00:35","12/27/2016 17:40","12/28/2016 00:35","unaffected"
"A0WWJ","EK0808","MED","DXB","12/27/2016 01:55","12/27/2016 04:20","12/27/2016 05:07","12/27/2016 07:32","delayed"
"A0WWJ","EK0344","DXB","KUL","12/27/2016 17:40","12/28/2016 00:35","12/27/2016 17:40","12/28/2016 00:35","unaffected"
"A0WWJ","EK0808","MED","DXB","12/27/2016 01:55","12/27/2016 04:20","12/27/2016 05:07","12/27/2016 07:32","delayed"
"A0WWJ","EK0344","DXB","KUL","12/27/2016 17:40","12/28/2016 00:35","12/27/2016 17:40","12/28/2016 00:35","unaffected"
"A0WWJ","EK0808","MED","DXB","12/27/2016 01:55","12/27/2016 04:20","12/27/2016 05:07","12/27/2016 07:32","delayed"
"A0WWJ","EK0344","DXB","KUL","12/27/2016 17:40","12/28/2016 00:35","12/27/2016 17:40","12/28/2016 00:35","unaffected"
"A0WWJ","EK0808","MED","DXB","12/27/2016 01:55","12/27/2016 04:20","12/27/2016 05:07","12/27/2016 07:32","delayed"
"A0WWJ","EK0344","DXB","KUL","12/27/2016 17:40","12/28/2016 00:35","12/27/2016 17:40","12/28/2016 00:35","unaffected"
"A0WBP","EK0836","BAH","DXB","12/27/2016 00:45","12/27/2016 02:00","12/27/2016 05:45","12/27/2016 07:00","delayed"
"A0WBP","EK0602","DXB","KHI","12/27/2016 14:10","12/27/2016 16:05","12/27/2016 14:10","12/27/2016 16:05","unaffected"
"A0WBP","EK0603","KHI","DXB","12/27/2016 17:30","12/27/2016 19:59","12/27/2016 17:30","12/27/2016 19:59","unaffected"
"A0WBP","EK0836","BAH","DXB","12/27/2016 00:45","12/27/2016 02:00","12/27/2016 05:45","12/27/2016 07:00","delayed"
"A0WBP","EK0602","DXB","KHI","12/27/2016 14:10","12/27/2016 16:05","12/27/2016 14:10","12/27/2016 16:05","unaffected"
"A0WBP","EK0603","KHI","DXB","12/27/2016 17:30","12/27/2016 19:59","12/27/2016 17:30","12/27/2016 19:59","unaffected"
"A0WBP","EK0836","BAH","DXB","12/27/2016 00:45","12/27/2016 02:00","12/27/2016 05:45","12/27/2016 07:00","delayed"
"A0WBP","EK0602","DXB","KHI","12/27/2016 14:10","12/27/2016 16:05","12/27/2016 14:10","12/27/2016 16:05","unaffected"
"A0WBP","EK0603","KHI","DXB","12/27/2016 17:30","12/27/2016 19:59","12/27/2016 17:30","12/27/2016 19:59","unaffected"
"A0WBP","EK0836","BAH","DXB","12/27/2016 00:45","12/27/2016 02:00","12/27/2016 05:45","12/27/2016 07:00","delayed"
"A0WBP","EK0602","DXB","KHI","12/27/2016 14:10","12/27/2016 16:05","12/27/2016 14:10","12/27/2016 16:05","unaffected"
"A0WBP","EK0603","KHI","DXB","12/27/2016 17:30","12/27/2016 19:59","12/27/2016 17:30","12/27/2016 19:59","unaffected"
"A0WBP","EK0836","BAH","DXB","12/27/2016 00:45","12/27/2016 02:00","12/27/2016 05:45","12/27/2016 07:00","delayed"
"A0WBP","EK0602","DXB","KHI","12/27/2016 14:10","12/27/2016 16:05","12/27/2016 14:10","12/27/2016 16:05","unaffected"
"A0WBP","EK0603","KHI","DXB","12/27/2016 17:30","12/27/2016 19:59","12/27/2016 17:30","12/27/2016 19:59","unaffected"
"A0WBP","EK0836","BAH","DXB","12/27/2016 00:45","12/27/2016 02:00","12/27/2016 05:45","12/27/2016 07:00","delayed"
"A0WBP","EK0602","DXB","KHI","12/27/2016 14:10","12/27/2016 16:05","12/27/2016 14:10","12/27/2016 16:05","unaffected"
"A0WBP","EK0603","KHI","DXB","12/27/2016 17:30","12/27/2016 19:59","12/27/2016 17:30","12/27/2016 19:59","unaffected"
"A0WBP","EK0836","BAH","DXB","12/27/2016 00:45","12/27/2016 02:00","12/27/2016 05:45","12/27/2016 07:00","delayed"
"A0WBP","EK0602","DXB","KHI","12/27/2016 14:10","12/27/2016 16:05","12/27/2016 14:10","12/27/2016 16:05","unaffected"
"A0WBP","EK0603","KHI","DXB","12/27/2016 17:30","12/27/2016 19:59","12/27/2016 17:30","12/27/2016 19:59","unaffected"
"A0WBP","EK0836","BAH","DXB","12/27/2016 00:45","12/27/2016 02:00","12/27/2016 05:45","12/27/2016 07:00","delayed"
"A0WBP","EK0602","DXB","KHI","12/27/2016 14:10","12/27/2016 16:05","12/27/2016 14:10","12/27/2016 16:05","unaffected"
"A0WBP","EK0603","KHI","DXB","12/27/2016 17:30","12/27/2016 19:59","12/27/2016 17:30","12/27/2016 19:59","unaffected"
"A0WBP","EK0836","BAH","DXB","12/27/2016 00:45","12/27/2016 02:00","12/27/2016 05:45","12/27/2016 07:00","delayed"
"A0WBP","EK0602","DXB","KHI","12/27/2016 14:10","12/27/2016 16:05","12/27/2016 14:10","12/27/2016 16:05","unaffected"
"A0WBP","EK0603","KHI","DXB","12/27/2016 17:30","12/27/2016 19:59","12/27/2016 17:30","12/27/2016 19:59","unaffected"
"A0WBP","EK0836","BAH","DXB","12/27/2016 00:45","12/27/2016 02:00","12/27/2016 05:45","12/27/2016 07:00","delayed"
"A0WBP","EK0602","DXB","KHI","12/27/2016 14:10","12/27/2016 16:05","12/27/2016 14:10","12/27/2016 16:05","unaffected"
"A0WBP","EK0603","KHI","DXB","12/27/2016 17:30","12/27/2016 19:59","12/27/2016 17:30","12/27/2016 19:59","unaffected"
"A0WBP","EK0836","BAH","DXB","12/27/2016 00:45","12/27/2016 02:00","12/27/2016 05:45","12/27/2016 07:00","delayed"
"A0WBP","EK0602","DXB","KHI","12/27/2016 14:10","12/27/2016 16:05","12/27/2016 14:10","12/27/2016 16:05","unaffected"
"A0WBP","EK0603","KHI","DXB","12/27/2016 17:30","12/27/2016 19:59","12/27/2016 17:30","12/27/2016 19:59","unaffected"
"A0WBP","EK0836","BAH","DXB","12/27/2016 00:45","12/27/2016 02:00","12/27/2016 05:45","12/27/2016 07:00","delayed"
"A0WBP","EK0602","DXB","KHI","12/27/2016 14:10","12/27/2016 16:05","12/27/2016 14:10","12/27/2016 16:05","unaffected"
"A0WBP","EK0603","KHI","DXB","12/27/2016 17:30","12/27/2016 19:59","12/27/2016 17:30","12/27/2016 19:59","unaffected"
"A0WBP","EK0836","BAH","DXB","12/27/2016 00:45","12/27/2016 02:00","12/27/2016 05:45","12/27/2016 07:00","delayed"
"A0WBP","EK0602","DXB","KHI","12/27/2016 14:10","12/27/2016 16:05","12/27/2016 14:10","12/27/2016 16:05","unaffected"
"A0WBP","EK0603","KHI","DXB","12/27/2016 17:30","12/27/2016 19:59","12/27/2016 17:30","12/27/2016 19:59","unaffected"
"A0WIK","EK0901","DXB","AMM","12/27/2016 04:00","12/27/2016 07:40","12/27/2016 07:12","12/27/2016 10:52","delayed"
"A0WIK","EK0902","AMM","DXB","12/27/2016 09:15","12/27/2016 12:05","12/27/2016 12:12","12/27/2016 15:02","delayed"
"A0WIK","EK0905","DXB","AMM","12/27/2016 18:00","12/27/2016 21:40","12/27/2016 18:00","12/27/2016 21:40","unaffected"
"A0WIK","EK0901","DXB","AMM","12/27/2016 04:00","12/27/2016 07:40","12/27/2016 07:12","12/27/2016 10:52","delayed"
"A0WIK","EK0902","AMM","DXB","12/27/2016 09:15","12/27/2016 12:05","12/27/2016 12:12","12/27/2016 15:02","delayed"
"A0WIK","EK0905","DXB","AMM","12/27/2016 18:00","12/27/2016 21:40","12/27/2016 18:00","12/27/2016 21:40","unaffected"
"A0WIK","EK0901","DXB","AMM","12/27/2016 04:00","12/27/2016 07:40","12/27/2016 07:12","12/27/2016 10:52","delayed"
"A0WIK","EK0902","AMM","DXB","12/27/2016 09:15","12/27/2016 12:05","12/27/2016 12:12","12/27/2016 15:02","delayed"
"A0WIK","EK0905","DXB","AMM","12/27/2016 18:00","12/27/2016 21:40","12/27/2016 18:00","12/27/2016 21:40","unaffected"
"A0WIK","EK0901","DXB","AMM","12/27/2016 04:00","12/27/2016 07:40","12/27/2016 07:12","12/27/2016 10:52","delayed"
"A0WIK","EK0902","AMM","DXB","12/27/2016 09:15","12/27/2016 12:05","12/27/2016 12:12","12/27/2016 15:02","delayed"
"A0WIK","EK0905","DXB","AMM","12/27/2016 18:00","12/27/2016 21:40","12/27/2016 18:00","12/27/2016 21:40","unaffected"
"A0WIK","EK0901","DXB","AMM","12/27/2016 04:00","12/27/2016 07:40","12/27/2016 07:12","12/27/2016 10:52","delayed"
"A0WIK","EK0902","AMM","DXB","12/27/2016 09:15","12/27/2016 12:05","12/27/2016 12:12","12/27/2016 15:02","delayed"
"A0WIK","EK0905","DXB","AMM","12/27/2016 18:00","12/27/2016 21:40","12/27/2016 18:00","12/27/2016 21:40","unaffected"
"A0WIK","EK0901","DXB","AMM","12/27/2016 04:00","12/27/2016 07:40","12/27/2016 07:12","12/27/2016 10:52","delayed"
"A0WIK","EK0902","AMM","DXB","12/27/2016 09:15","12/27/2016 12:05","12/27/2016 12:12","12/27/2016 15:02","delayed"
"A0WIK","EK0905","DXB","AMM","12/27/2016 18:00","12/27/2016 21:40","12/27/2016 18:00","12/27/2016 21:40","unaffected"
"A0WIK","EK0901","DXB","AMM","12/27/2016 04:00","12/27/2016 07:40","12/27/2016 07:12","12/27/2016 10:52","delayed"
"A0WIK","EK0902","AMM","DXB","12/27/2016 09:15","12/27/2016 12:05","12/27/2016 12:12","12/27/2016 15:02","delayed"
"A0WIK","EK0905","DXB","AMM","12/27/2016 18:00","12/27/2016 21:40","12/27/2016 18:00","12/27/2016 21:40","unaffected"
"A0WIK","EK0901","DXB","AMM","12/27/2016 04:00","12/27/2016 07:40","12/27/2016 07:12","12/27/2016 10:52","delayed"
"A0WIK","EK0902","AMM","DXB","12/27/2016 09:15","12/27/2016 12:05","12/27/2016 12:12","12/27/2016 15:02","delayed"
"A0WIK","EK0905","DXB","AMM","12/27/2016 18:00","12/27/2016 21:40","12/27/2016 18:00","12/27/2016 21:40","unaffected"
"A0WIK","EK0901","DXB","AMM","12/27/2016 04:00","12/27/2016 07:40","12/27/2016 07:12","12/27/2016 10:52","delayed"
"A0WIK","EK0902","AMM","DXB","12/27/2016 09:15","12/27/2016 12:05","12/27/2016 12:12","12/27/2016 15:02","delayed"
"A0WIK","EK0905","DXB","AMM","12/27/2016 18:00","12/27/2016 21:40","12/27/2016 18:00","12/27/2016 21:40","unaffected"
"A0WIK","EK0901","DXB","AMM","12/27/2016 04:00","12/27/2016 07:40","12/27/2016 07:12","12/27/2016 10:52","delayed"
"A0WIK","EK0902","AMM","DXB","12/27/2016 09:15","12/27/2016 12:05","12/27/2016 12:12","12/27/2016 15:02","delayed"
"A0WIK","EK0905","DXB","AMM","12/27/2016 18:00","12/27/2016 21:40","12/27/2016 18:00","12/27/2016 21:40","unaffected"
"A0WIK","EK0901","DXB","AMM","12/27/2016 04:00","12/27/2016 07:40","12/27/2016 07:12","12/27/2016 10:52","delayed"
"A0WIK","EK0902","AMM","DXB","12/27/2016 09:15","12/27/2016 12:05","12/27/2016 12:12","12/27/2016 15:02","delayed"
"A0WIK","EK0905","DXB","AMM","12/27/2016 18:00","12/27/2016 21:40","12/27/2016 18:00","12/27/2016 21:40","unaffected"
"A0WIK","EK0901","DXB","AMM","12/27/2016 04:00","12/27/2016 07:40","12/27/2016 07:12","12/27/2016 10:52","delayed"
"A0WIK","EK0902","AMM","DXB","12/27/2016 09:15","12/27/2016 12:05","12/27/2016 12:12","12/27/2016 15:02","delayed"
"A0WIK","EK0905","DXB","AMM","12/27/2016 18:00","12/27/2016 21:40","12/27/2016 18:00","12/27/2016 21:40","unaffected"
"A0WIK","EK0901","DXB","AMM","12/27/2016 04:00","12/27/2016 07:40","12/27/2016 07:12","12/27/2016 10:52","delayed"
"A0WIK","EK0902","AMM","DXB","12/27/2016 09:15","12/27/2016 12:05","12/27/2016 12:12","12/27/2016 15:02","delayed"
"A0WIK","EK0905","DXB","AMM","12/27/2016 18:00","12/27/2016 21:40","12/27/2016 18:00","12/27/2016 21:40","unaffected"